BRAND,MODEL,VEHICLE CLASS,ENGINE SIZE L,CYLINDERS,TRANSMISSION,FUEL_TYPE,FUEL CONSUMPTION (L/100 km),HWY (L/100 km),COMB (L/100 km),COMB (mpg),CO2_Emissions(g/km)
JAGUAR,F-TYPE R AWD COUPE,TWO-SEATER,5.0,8.0,AS6,Z,15.7,10.4,13.3,21,311
PORSCHE,911 CARRERA CABRIOLET,MINICOMPACT,3.4,6.0,M7,Z,12.3,8.7,10.7,26,251
AUDI,A8 QUATTRO,MID-SIZE,4.0,8.0,AS8,Z,12.9,8.0,10.7,26,249
SUBARU,WRX,COMPACT,2.5,4.0,M6,Z,13.8,10.2,12.2,23,285
CHEVROLET,SONIC RS,COMPACT,1.4,4.0,M6,,8.9,7.0,8.0,35,189
INFINITI,Q50,MID-SIZE,3.0,6.0,AS7,Z,12.1,8.1,10.3,27,242
PORSCHE,911 CARRERA GTS CABRIOLET,MINICOMPACT,3.8,6.0,AM7,Z,12.7,9.2,11.1,25,260
ROLLS-ROYCE,PHANTOM EWB,FULL-SIZE,6.7,12.0,AS8,,20.7,12.9,17.2,16,404
CADILLAC,CTS AWD,MID-SIZE,3.6,6.0,AS8,X,12.2,8.5,10.5,27,247
CHEVROLET,COLORADO,PICKUP TRUCK - SMALL,3.6,6.0,A6,X,13.0,9.2,11.3,25,265
MINI,COOPER S PACEMAN ALL4,COMPACT,1.6,4.0,M6,Z,9.4,7.6,8.6,33,201
LAMBORGHINI,HURACAN,TWO-SEATER,5.2,10.0,AM7,Z,16.4,11.4,14.2,20,331
BMW,428i COUPE,COMPACT,2.0,4.0,M6,Z,10.7,7.0,9.0,31,211
BMW,X5 M,SUV - STANDARD,4.4,8.0,AS8,Z,16.6,12.1,14.6,19,343
SUBARU,WRX,COMPACT,2.0,4.0,AV8,Z,12.5,9.5,11.2,25,254
RAM,1500 4X4 (MDS),PICKUP TRUCK - STANDARD,5.7,8.0,A8,X,16.2,11.5,14.1,20,330
DODGE,CHARGER FFV,FULL-SIZE,3.6,6.0,A8,E,16.8,10.3,13.9,20,229
GMC,YUKON 4WD FFV,SUV - STANDARD,5.3,8.0,A6,E,20.9,14.5,18.0,16,300
CHEVROLET,SPARK,SUBCOMPACT,1.4,4.0,M5,,7.8,5.8,6.9,41,162
JEEP,RENEGADE,SUV - SMALL,1.4,4.0,M6,X,9.9,7.5,8.8,32,207
CHRYSLER,TOWN & COUNTRY FFV,MINIVAN,3.6,6.0,A6,X,14.1,9.5,12.0,24,282
ALFA ROMEO,4C,TWO-SEATER,1.8,4.0,AM6,Z,9.7,6.9,8.4,34,197
FORD,EXPLORER FFV,SUV - STANDARD,3.5,6.0,AS6,E,18.7,12.9,16.1,18,264
NISSAN,JUKE NISMO RS,STATION WAGON - SMALL,1.6,4.0,M6,Z,8.9,7.5,8.3,34,194
FORD,MUSTANG,SUBCOMPACT,2.3,4.0,AS6,X,11.0,7.4,9.4,30,219
NISSAN,PATHFINDER 4WD,SUV - SMALL,3.5,6.0,AV,X,12.1,8.9,10.7,26,251
MAZDA,MX-5,TWOSEATER,2.0,4.0,AS6,Z,89.0,6.5,7.8,36,183
PORSCHE,BOXSTER GTS,TWO-SEATER,3.4,6.0,AM7,Z,10.9,7.7,9.5,30,222
SUBARU,BRZ,MINICOMPACT,2.0,4.0,AS6,Z,9.6,7.0,8.4,34,197
MERCEDES-BENZ,AMG S 63,FULL-SIZE,5.5,8.0,AS7,Z,15.7,10.1,13.2,21,313
MAZDA,MAZDA3 4-DOOR (SIL),COMPACT,2.5,4.0,M6,X,9.3,6.4,8.0,35,189
FIAT,500 ABARTH CABRIO,MINICOMPACT,1.4,4.0,A6,X,9.6,7.3,8.6,33,200
SUBARU,IMPREZA AWD,COMPACT,2.0,4.0,AV6,X,8.5,6.4,7.6,37,177
JEEP,COMPASS,SUV - SMALL,2.0,4.0,M5,,10.3,7.8,9.2,31,214
JEEP,CHEROKEE TRAILHAWK 4X4,SUV - SMALL,3.2,6.0,A9,X,12.2,9.0,10.8,26,253
PORSCHE,PANAMERA 4S,FULL-SIZE,3.0,6.0,AM7,Z,13.4,8.8,11.4,25,267
MERCEDES-BENZ,G 550,SUV - STANDARD,5.5,8.0,AS7,Z,19.0,16.5,17.9,16,401
PORSCHE,PANAMERA TURBO,FULL-SIZE,4.8,8.0,AM7,Z,15.3,9.7,12.8,22,300
CADILLAC,CT6,FULL-SIZE,2.0,4.0,AS8,Z,11.0,7.6,9.5,30,222
DODGE,CHALLENGER,MID-SIZE,5.7,,M6,X,15.6,10.0,13.1,22,307
GMC,CANYON 4WD,PICKUP TRUCK - SMALL,2.8,,A6,D,12.0,8.2,10.3,27,277
BMW,428i xDRIVE CABRIOLET,SUBCOMPACT,2.0,4.0,AS8,Z,11.3,7.1,9.4,30,221
BMW,640i xDRIVE CABRIOLET,SUBCOMPACT,3.0,6.0,AS8,Z,11.9,8.1,10.2,28,238
BUICK,ENVISION AWD,SUV - SMALL,2.0,4.0,A6,Z,11.8,9.1,10.6,27,248
GMC,YUKON 4WD,SUV - STANDARD,5.3,8.0,A6,X,15.2,10.8,13.2,21,310
MITSUBISHI,RVR,SUV - SMALL,2.0,4.0,M5,X,10.3,8.0,9.3,30,214
CHEVROLET,EQUINOX AWD FFV,SUV - SMALL,2.4,4.0,A6,X,11.5,8.2,10.0,28,235
MASERATI,GHIBLI S,MID-SIZE,3.0,6.0,AS8,Z,14.5,10.0,12.5,23,293
MAZDA,CX-5 4WD,SUV - SMALL,2.0,4.0,AS6,X,9.3,7.6,8.5,33,199
PORSCHE,911 CARRERA 4S CABRIOLET,MINICOMPACT,3.8,6.0,AM7,Z,12.5,9.1,11.0,26,257
CHEVROLET,COLORADO,PICKUP TRUCK - SMALL,2.8,4.0,A6,D,10.8,7.7,9.4,30,252
HONDA,ACCORD COUPE,MID-SIZE,3.5,6.0,M6,X,12.9,8.3,10.9,26,253
DODGE,CHARGER,FULL-SIZE,3.6,6.0,A8,X,12.4,7.7,10.3,27,240
BMW,X4 M40i,SUV - SMALL,3.0,6.0,AS8,Z,12.8,9.5,11.3,25,264
PORSCHE,911 CARRERA 4,MINICOMPACT,3.4,6.0,AM7,Z,11.7,8.5,10.2,28,240
MERCEDES-BENZ,E 550 COUPE,SUBCOMPACT,4.7,,AS7,Z,13.4,8.9,11.4,25,268
BUICK,REGAL,MID-SIZE,2.0,4.0,AS6,Z,11.4,7.9,9.8,29,231
VOLVO,S60 T6,COMPACT,2.0,4.0,AS8,Z,10.6,7.7,9.3,30,218
LEXUS,CT 200h,COMPACT,1.8,4.0,AV,X,5.5,5.9,5.7,50,132
MAZDA,MAZDA3 4-DOOR (i-ELOOP),COMPACT,2.5,4.0,AS6,X,8.2,5.9,7.2,39,169
MERCEDES-BENZ,E 550 4MATIC,MID-SIZE,4.7,8.0,AS7,,12.9,9.6,11.4,25,270
DODGE,CHARGER FFV,FULL-SIZE,3.6,6.0,A5,X,13.7,8.9,11.5,25,271
CADILLAC,ESCALADE 4WD,SUV - STANDARD,6.2,8.0,A8,,16.0,11.2,13.9,20,325
JEEP,CHEROKEE,SUV - SMALL,2.4,4.0,A9,X,10.9,7.7,9.5,30,223
CHEVROLET,SONIC RS,COMPACT,1.4,,AS6,X,9.5,7.1,8.4,34,195
LEXUS,ES 350,MID-SIZE,3.5,6.0,AS6,X,11.4,7.6,9.7,29,225
LEXUS,LX 570,SUV - STANDARD,5.7,8.0,AS8,Z,18.3,12.9,15.9,18,371
JEEP,COMPASS 4X4 TRAIL RATED,SUV - SMALL,2.4,4.0,AV,X,11.7,10.3,11.1,25,259
GMC,TERRAIN AWD,SUV - SMALL,2.4,4.0,A6,X,11.5,8.2,10.0,28,235
CHEVROLET,CAMARO SS,COMPACT,6.2,8.0,M6,Z,14.3,9.4,12.1,23,284
LINCOLN,MKC AWD,SUV - SMALL,2.0,4.0,AS6,X,12.4,9.0,10.9,26,256
TOYOTA,VENZA 4WD,SUV - SMALL,3.5,6.0,AS6,,12.8,9.3,11.3,25,263
CADILLAC,SRX,SUV - STANDARD,3.6,6.0,AS6,X,14.2,9.8,12.3,23,287
NISSAN,370Z,TWOSEATER,3.7,6.0,AS7,Z,126.0,9.2,11.1,25,260
GMC,YUKON 4WD,SUV - STANDARD,6.2,8.0,A8,Z,15.9,11.1,13.8,20,323
JAGUAR,XJR,FULL-SIZE,5.0,8.0,AS8,Z,15.8,10.2,13.3,21,313
PORSCHE,911 CARRERA 4S,MINICOMPACT,3.8,6.0,M7,Z,12.7,8.9,11.0,26,258
TOYOTA,COROLLA,MID-SIZE,1.8,4.0,AV,X,8.2,6.2,7.3,39,171
RAM,1500 (MDS),PICKUP TRUCK - STANDARD,5.7,8.0,A6,X,17.1,12.0,14.8,19,348
ASTON MARTIN,V8 VANTAGE S,TWO-SEATER,4.7,,M6,Z,18.1,12.3,15.5,18,362
AUDI,A3,SUBCOMPACT,1.8,4.0,AM6,X,10.0,7.1,8.7,32,204
LEXUS,GS 350,MID-SIZE,3.5,6.0,AS8,Z,11.9,8.1,10.2,28,237
TOYOTA,CAMRY HYBRID XLE/SE,MID-SIZE,2.5,4.0,AV,X,5.7,6.0,5.9,48,137
GMC,TERRAIN,SUV - SMALL,2.4,4.0,A6,X,10.5,7.3,9.1,31,214
FORD,TAURUS FFV AWD,FULL-SIZE,3.5,6.0,AS6,E,18.7,13.3,16.3,17,271
SUBARU,XV CROSSTREK AWD,SUV - SMALL,2.0,4.0,M5,X,10.2,7.7,9.1,31,214
NISSAN,JUKE,STATION WAGON - SMALL,1.6,,M6,Z,8.5,6.9,7.8,36,183
CADILLAC,ATS,COMPACT,3.6,6.0,AS8,X,11.6,7.9,9.9,29,233
MERCEDES-BENZ,GLE 550 4MATIC,SUV - STANDARD,4.7,8.0,AS7,Z,16.2,11.8,14.2,20,335
LEXUS,LS 460,MID-SIZE,4.6,8.0,AS8,Z,14.4,9.6,12.3,23,286
VOLVO,XC70 T5 AWD,SUV - SMALL,2.5,5.0,AS6,X,12.5,9.2,11.0,26,254
LAND ROVER,RANGE ROVER SPORT TD6 DIESEL,SUV - STANDARD,3.0,6.0,AS8,D,10.6,8.1,9.4,30,254
MERCEDES-BENZ,GLE 350d 4MATIC,SUV - STANDARD,3.0,6.0,A9,D,10.1,8.0,9.2,31,246
DODGE,CHARGER,FULL-SIZE,3.6,6.0,A5,X,13.7,8.9,11.5,25,271
CHEVROLET,TRAX,SUV - SMALL,1.4,4.0,M6,X,9.1,6.9,8.1,35,190
VOLKSWAGEN,BEETLE DUNE,COMPACT,1.8,4.0,AS6,X,9.7,7.5,8.7,32,203
KIA,OPTIMA,FULL-SIZE,2.0,4.0,AS6,X,10.9,7.4,9.3,30,222
LEXUS,NX 300h AWD,SUV - SMALL,2.5,4.0,AV6,X,7.1,7.7,7.4,38,172
MERCEDES-BENZ,AMG SL 65,TWO-SEATER,6.0,12.0,AS7,Z,16.7,11.2,14.2,20,335
CHEVROLET,COLORADO 4WD,PICKUP TRUCK - SMALL,2.8,4.0,A6,D,12.0,8.2,10.3,27,277
HYUNDAI,SONATA,FULL-SIZE,2.0,4.0,AS6,X,10.4,7.4,9.1,31,214
MERCEDES-BENZ,S 550 4MATIC LWB,FULL-SIZE,4.7,8.0,AS7,Z,14.8,9.8,12.5,23,287
BMW,328i xDRIVE GRAN TURISMO,FULL-SIZE,2.0,4.0,AS8,Z,10.5,6.9,8.9,32,209
PORSCHE,CAYMAN S,TWO-SEATER,3.4,6.0,AM7,Z,11.3,7.9,9.8,29,230
MERCEDES-BENZ,AMG SL 63,TWO-SEATER,5.5,8.0,AS7,Z,14.7,9.5,12.4,23,298
RAM,1500 ECODIESEL,PICKUP TRUCK - STANDARD,3.0,,A8,,11.6,8.4,10.2,28,272
JAGUAR,F-TYPE S CONVERTIBLE,TWO-SEATER,3.0,6.0,AS8,Z,12.5,8.7,10.8,26,254
VOLKSWAGEN,TIGUAN 4MOTION,SUV - SMALL,2.0,4.0,AS6,Z,11.6,9.3,10.6,27,248
LAND ROVER,DISCOVERY SPORT,SUV - SMALL,2.0,4.0,AS9,Z,11.9,9.0,10.6,27,248
FORD,FOCUS FFV,COMPACT,2.0,4.0,AM6,X,8.9,6.0,7.6,37,178
BENTLEY,CONTINENTAL GT,COMPACT,4.0,8.0,AS8,Z,16.1,9.4,13.1,22,307
ASTON MARTIN,V8 VANTAGE,TWO-SEATER,4.7,8.0,M6,,18.1,12.3,15.5,18,362
VOLKSWAGEN,GOLF GTI,COMPACT,2.0,4.0,AM6,X,9.5,7.2,8.5,33,198
PORSCHE,MACAN TURBO,SUV - SMALL,3.6,,A7,Z,14.2,10.1,12.3,23,287
MINI,COOPER 5 DOOR,SUBCOMPACT,1.5,3.0,M6,,8.2,6.0,7.2,39,170
CHEVROLET,TAHOE,SUV - STANDARD,5.3,8.0,A6,,15.1,10.4,13.0,22,304
FORD,T-150 WAGON FFV,VAN - PASSENGER,3.7,6.0,AS6,X,16.8,13.2,15.2,19,356
CHEVROLET,CAMARO,COMPACT,2.0,4.0,AS8,Z,10.9,7.5,9.3,30,218
HYUNDAI,SANTA FE,SUV - SMALL,3.3,6.0,AS6,,12.9,9.4,11.3,25,265
PORSCHE,911 TURBO CABRIOLET,MINICOMPACT,3.8,6.0,AM7,,13.7,9.6,11.9,24,278
BMW,435i CABRIOLET,SUBCOMPACT,3.0,6.0,AS8,Z,11.8,7.6,9.9,29,232
FORD,FLEX AWD,SUV - STANDARD,3.5,6.0,AS6,X,14.7,10.7,12.9,22,303
FORD,F-150 (Payload Pkg),PICKUP TRUCK - STANDARD,3.5,6.0,AS6,X,14.7,10.7,12.9,22,303
HONDA,PILOT AWD,SUV - SMALL,3.5,6.0,AS9,X,12.4,9.3,11.0,26,257
BMW,328i xDRIVE,COMPACT,2.0,4.0,AS8,,10.5,6.9,8.9,32,209
FORD,EXPLORER,SUV - STANDARD,2.3,4.0,AS6,X,12.6,8.5,10.8,26,253
TOYOTA,TACOMA 4WD,PICKUP TRUCK - SMALL,3.5,6.0,AS6,,13.1,10.5,11.9,24,280
CHEVROLET,COLORADO,PICKUP TRUCK - SMALL,2.5,4.0,A6,X,11.9,8.9,10.5,27,247
MERCEDES-BENZ,E 250 BLUETEC 4MATIC,MID-SIZE,2.1,4.0,AS7,D,8.6,6.0,7.4,38,200
NISSAN,VERSA,MID-SIZE,1.6,4.0,AV,X,7.5,6.0,6.8,42,161
VOLVO,S60 POLESTAR,COMPACT,3.0,6.0,AS6,X,13.0,9.0,11.2,25,259
FORD,FUSION,MID-SIZE,2.5,4.0,AS6,X,10.5,6.9,8.9,32,209
ACURA,RDX AWD,SUV - SMALL,3.5,6.0,AS6,Z,12.4,8.6,10.7,26,249
LEXUS,RC F,SUBCOMPACT,5.0,8.0,AS8,Z,15.2,9.5,12.6,22,289
MAZDA,MAZDA6 (SIL),MID-SIZE,2.5,4.0,M6,X,9.4,6.4,8.1,35,188
GMC,SIERRA eASSIST 4WD,PICKUP TRUCK - STANDARD,5.3,8.0,A8,,14.4,11.2,13.0,22,304
MITSUBISHI,LANCER,COMPACT,2.0,,AV6,X,8.6,6.8,7.8,36,181
BENTLEY,CONTINENTAL GT CONVERTIBLE,SUBCOMPACT,6.0,,AS8,Z,19.6,11.7,16.0,18,375
DODGE,CHARGER AWD FFV,FULL-SIZE,3.6,6.0,A8,E,17.3,11.7,14.8,19,243
CHEVROLET,CRUZE PREMIER,COMPACT,1.4,4.0,AS6,X,7.8,5.9,6.9,41,160
KIA,SOUL,STATION WAGON - SMALL,2.0,4.0,AS6,X,9.8,7.5,8.8,32,208
KIA,SOUL ECO DYNAMICS,STATION WAGON - SMALL,2.0,4.0,AS6,X,9.7,7.7,8.8,32,208
MINI,COOPER S CLUBMAN,MID-SIZE,2.0,4.0,M6,Z,10.6,7.4,9.2,31,215
BMW,320i xDRIVE,COMPACT,2.0,4.0,AS8,Z,10.4,6.8,8.8,32,207
DODGE,CHALLENGER SRT (MDS),MID-SIZE,6.4,8.0,A8,Z,15.7,9.5,12.9,22,302
FORD,F-150 4X4,PICKUP TRUCK - STANDARD,3.5,6.0,AS6,X,14.7,10.7,12.9,22,303
ACURA,MDX SH-AWD ELITE,SUV - SMALL,3.5,6.0,AS9,Z,12.2,9.1,10.7,26,251
CHEVROLET,SILVERADO,PICKUP TRUCK - STANDARD,5.3,8.0,A6,X,14.6,10.4,12.7,22,298
VOLVO,V60 T6 AWD,STATION WAGON - SMALL,2.0,,AS8,Z,11.3,8.2,9.9,29,231
MINI,JOHN COOPER WORKS COUNTRYMAN ALL4,COMPACT,1.6,4.0,AS6,Z,10.1,7.7,9.0,31,212
NISSAN,SENTRA,MID-SIZE,1.8,4.0,M6,X,8.9,6.6,7.9,36,184
LAMBORGHINI,HURACAN SPYDER,TWO-SEATER,5.2,10.0,AM7,Z,16.9,11.8,14.6,19,340
VOLVO,S60 T5 AWD,COMPACT,2.5,5.0,AS6,X,11.6,8.2,10.1,28,233
HYUNDAI,ELANTRA GT,MID-SIZE,2.0,4.0,M6,,9.8,7.1,8.6,33,202
BMW,328d xDRIVE,COMPACT,2.0,4.0,AS8,D,7.7,5.7,6.8,42,183
BMW,M235i CABRIOLET,SUBCOMPACT,3.0,6.0,AS8,Z,11.6,7.7,9.9,29,232
RAM,1500 FFV,PICKUP TRUCK - STANDARD,3.6,6.0,A8,E,19.4,13.6,16.8,17,279
SUBARU,WRX,COMPACT,2.0,4.0,M6,Z,11.3,8.4,10.0,28,233
ACURA,RLX HYBRID,MID-SIZE,3.5,,AM7,Z,8.0,7.5,7.7,37,180
TOYOTA,TACOMA,PICKUP TRUCK - SMALL,3.5,6.0,AS6,X,12.6,10.0,11.4,25,267
LINCOLN,MKT LIVERY AWD,SPECIAL PURPOSE VEHICLE,3.7,6.0,A6,X,14.7,10.2,12.7,22,298
NISSAN,PATHFINDER,SUV - SMALL,3.5,6.0,AV,X,11.9,8.6,10.4,27,245
MINI,JOHN COOPER WORKS PACEMAN ALL4,COMPACT,1.6,4.0,M6,Z,9.4,7.6,8.6,33,201
ASTON MARTIN,VANQUISH,MINICOMPACT,6.0,12.0,A8,Z,17.6,11.4,14.8,19,346
MAZDA,MAZDA6,MID-SIZE,2.5,4.0,AS6,X,8.8,6.1,7.6,37,178
CHEVROLET,SONIC 5 RS,STATION WAGON - SMALL,1.4,4.0,AS6,X,9.5,7.1,8.4,34,195
MERCEDES-BENZ,SLK 300,TWO-SEATER,2.0,4.0,A9,Z,9.6,7.3,8.5,33,199
AUDI,TT COUPE QUATTRO,SUBCOMPACT,2.0,4.0,AM6,X,10.1,7.8,9.1,31,209
FIAT,500L,STATION WAGON - SMALL,1.4,4.0,M6,X,9.3,7.1,8.3,34,194
SCION,iM,MID-SIZE,1.8,4.0,AV7,X,8.3,6.3,7.4,38,173
AUDI,S8 QUATTRO,MID-SIZE,4.0,8.0,AS8,Z,15.7,9.4,12.8,22,300
GMC,SIERRA 4WD FFV,PICKUP TRUCK - STANDARD,5.3,8.0,A6,X,15.0,10.7,13.1,22,306
GMC,SIERRA FFV,PICKUP TRUCK - STANDARD,4.3,6.0,A6,E,19.3,14.4,17.1,17,284
BMW,428i COUPE,COMPACT,2.0,4.0,AS8,,9.9,6.5,8.4,34,197
VOLVO,XC60 T5 AWD,SUV - SMALL,2.5,5.0,AS6,X,12.5,9.2,11.0,26,254
DODGE,DART TURBO AERO,MID-SIZE,1.4,4.0,AM6,,8.4,5.9,7.3,39,171
BMW,M4 COUPE,COMPACT,3.0,6.0,AM7,Z,14.1,9.7,12.1,23,284
FIAT,500 ABARTH HATCHBACK,MINICOMPACT,1.4,4.0,A6,X,9.6,7.3,8.6,33,200
HYUNDAI,ELANTRA,MID-SIZE,2.0,4.0,M6,X,9.8,7.0,8.5,33,198
KIA,SOUL,STATION WAGON - SMALL,1.6,4.0,AS6,X,9.8,7.8,8.9,32,206
FORD,F-150 FFV 4X4,PICKUP TRUCK - STANDARD,5.0,8.0,AS6,X,16.0,11.3,13.8,20,324
BMW,Z4 sDRIVE35i,TWO-SEATER,3.0,6.0,AM7,Z,13.7,10.0,12.1,23,282
JAGUAR,F-TYPE COUPE,TWO-SEATER,3.0,6.0,AS8,Z,12.1,8.5,10.5,27,246
RAM,1500 4X4 (MDS),PICKUP TRUCK - STANDARD,5.7,8.0,A6,X,17.7,12.7,15.4,18,362
MERCEDES-BENZ,E 400 4MATIC WAGON,STATION WAGON - MID-SIZE,3.0,6.0,AS7,Z,12.4,8.9,10.8,26,253
CADILLAC,ATS,COMPACT,2.0,,AS8,Z,10.5,7.6,9.2,31,215
FORD,EXPEDITION 4X4,SUV - STANDARD,3.5,6.0,AS6,X,16.2,11.9,14.3,20,334
MINI,COOPER S 5 DOOR,SUBCOMPACT,2.0,4.0,AS6,Z,9.2,7.0,8.2,34,193
MERCEDES-BENZ,E 400 4MATIC COUPE,SUBCOMPACT,3.0,6.0,AS7,Z,11.8,8.4,10.2,28,239
CHEVROLET,EQUINOX,SUV - SMALL,3.6,6.0,A6,X,14.2,9.5,12.1,23,285
CADILLAC,ATS AWD,COMPACT,3.6,6.0,AS8,X,12.2,8.5,10.5,27,247
HYUNDAI,SANTA FE SPORT AWD,SUV - SMALL,2.0,,AS6,,12.9,9.7,11.5,25,266
JEEP,PATRIOT,SUV - SMALL,2.0,4.0,AV,,10.8,8.9,10.0,28,234
GMC,YUKON,SUV - STANDARD,5.3,8.0,A6,X,15.1,10.4,13.0,22,304
FORD,ESCAPE,SUV - SMALL,2.5,4.0,AS6,,10.9,7.6,9.4,30,220
HONDA,CR-V AWD,SUV - SMALL,2.4,4.0,AV,X,9.5,7.5,8.6,33,202
SCION,FR-S,MINICOMPACT,2.0,4.0,AS6,Z,9.6,7.0,8.4,34,197
CHRYSLER,TOWN & COUNTRY FFV,MINIVAN,3.6,6.0,A6,E,19.7,13.3,16.8,17,279
DODGE,JOURNEY AWD,SUV - SMALL,3.6,6.0,A6,,14.5,9.9,12.4,23,292
SUBARU,IMPREZA WAGON AWD,STATION WAGON - SMALL,2.0,,AV6,X,8.5,6.4,7.6,37,177
AUDI,S5 QUATTRO,SUBCOMPACT,3.0,6.0,M6,Z,13.8,9.0,11.7,24,273
LINCOLN,MKT LIVERY,SPECIAL PURPOSE VEHICLE,2.0,4.0,AS6,X,13.1,9.4,11.4,25,268
MAZDA,CX-5 (SIL),SUV - SMALL,2.0,4.0,M6,X,9.0,6.8,8.0,35,188
KIA,OPTIMA HYBRID EX,MID-SIZE,2.4,4.0,AM6,X,6.7,6.1,6.4,44,150
GMC,CANYON,PICKUP TRUCK - SMALL,2.5,4.0,A6,X,11.9,8.9,10.5,27,247
GMC,YUKON XL 4WD,SUV - STANDARD,6.2,8.0,A8,Z,16.4,11.7,14.3,20,334
CHEVROLET,MALIBU,MID-SIZE,2.0,4.0,AS8,Z,10.6,7.1,9.0,31,211
PORSCHE,CAYMAN GT4,TWO-SEATER,3.8,6.0,M6,Z,13.3,10.1,11.8,24,277
MASERATI,QUATTROPORTE S,FULL-SIZE,3.0,6.0,AS8,Z,15.2,10.2,12.9,22,300
FORD,F-150 FFV,PICKUP TRUCK - STANDARD,5.0,8.0,AS6,E,20.6,14.3,17.8,16,292
HYUNDAI,TUCSON AWD,SUV - SMALL,2.0,4.0,AS6,,11.0,9.0,10.1,28,240
FORD,T-150 WAGON FFV,VAN - PASSENGER,3.7,6.0,AS6,E,23.1,18.6,21.0,13,345
MERCEDES-BENZ,AMG GLA 45,SUV - SMALL,2.0,4.0,AS7,Z,10.3,8.1,9.3,30,216
MAZDA,MAZDA5,MINIVAN,2.5,4.0,AS5,X,10.8,8.3,9.7,29,226
DODGE,GRAND CARAVAN FFV,MINIVAN,3.6,6.0,A6,E,19.2,13.1,16.4,17,269
NISSAN,ALTIMA SR,MID-SIZE,2.5,4.0,AV7,X,8.9,6.3,7.7,37,181
HYUNDAI,SANTA FE SPORT,SUV - SMALL,2.4,4.0,AS6,X,11.7,8.7,10.3,27,239
LEXUS,GS F,COMPACT,5.0,8.0,AS8,Z,14.9,9.7,12.5,23,293
RAM,PROMASTER CITY,SPECIAL PURPOSE VEHICLE,2.4,4.0,A9,X,11.2,8.1,9.8,29,231
KIA,FORTE,MID-SIZE,2.0,4.0,AS6,X,9.7,6.7,8.3,34,196
MERCEDES-BENZ,AMG S 65,FULL-SIZE,6.0,12.0,AS7,Z,18.5,11.8,15.5,18,361
MINI,COOPER S COUNTRYMAN ALL4,COMPACT,1.6,4.0,M6,Z,9.4,7.6,8.6,33,201
KIA,FORTE 5,FULL-SIZE,2.0,4.0,M6,X,9.7,6.9,8.4,34,197
TOYOTA,PRIUS,MID-SIZE,1.8,,AV,X,4.4,4.6,4.5,63,104
RAM,1500 ECODIESEL HFE,PICKUP TRUCK - STANDARD,3.0,6.0,A8,D,11.3,8.0,9.8,29,264
FORD,F-150 FFV,PICKUP TRUCK - STANDARD,5.0,8.0,AS6,,15.3,10.6,13.2,21,309
MERCEDES-BENZ,CLA 250 4MATIC FFV,COMPACT,2.0,4.0,AS7,Z,9.8,7.1,8.6,33,198
FORD,FOCUS RS AWD,MID-SIZE,2.3,4.0,M6,Z,12.1,9.3,10.9,26,255
JAGUAR,F-TYPE CONVERTIBLE,TWO-SEATER,3.0,6.0,M6,Z,14.9,9.8,12.6,22,296
BUICK,LACROSSE FFV,MID-SIZE,3.6,6.0,AS6,X,13.7,8.6,11.4,25,268
VOLKSWAGEN,JETTA,COMPACT,2.0,4.0,M6,X,10.1,7.2,8.8,32,207
MERCEDES-BENZ,AMG GLE 63 S COUPE 4MATIC,SUV - STANDARD,5.5,8.0,AS7,Z,17.2,12.8,15.2,19,363
VOLKSWAGEN,TOUAREG,SUV - STANDARD,3.6,6.0,AS8,X,14.1,10.4,12.4,23,292
MASERATI,QUATTROPORTE GTS,FULL-SIZE,3.8,8.0,AS8,Z,16.2,11.0,14.0,20,322
FORD,SHELBY GT350 MUSTANG,SUBCOMPACT,5.2,8.0,M6,Z,16.9,11.0,14.2,20,334
FIAT,500 HATCHBACK TURBO,MINICOMPACT,1.4,4.0,M5,X,8.5,6.9,7.8,36,183
PORSCHE,911 TURBO S,MINICOMPACT,3.8,6.0,AM7,Z,13.7,9.6,11.9,24,278
BMW,650i xDRIVE COUPE,COMPACT,4.4,8.0,AS8,Z,14.4,9.6,12.3,23,288
PORSCHE,911 CARRERA 4 GTS CABRIOLET,MINICOMPACT,3.8,6.0,AM7,Z,13.1,9.4,11.4,25,268
HYUNDAI,VELOSTER,COMPACT,1.6,4.0,M6,X,8.8,6.7,7.8,36,186
CHEVROLET,TRAVERSE AWD,SUV - STANDARD,3.6,6.0,A6,X,16.1,10.8,13.7,21,323
CHEVROLET,IMPALA FFV,FULL-SIZE,3.6,6.0,AS6,X,12.5,8.2,10.6,27,248
ASTON MARTIN,V8 VANTAGE,TWO-SEATER,4.7,8.0,AM7,Z,17.4,11.3,14.7,19,343
CHEVROLET,SILVERADO 4WD FFV,PICKUP TRUCK - STANDARD,4.3,6.0,A6,E,20.3,15.3,18.1,16,301
MERCEDES-BENZ,B 250,MID-SIZE,2.0,4.0,AS7,Z,9.2,6.6,8.0,35,188
CHEVROLET,TRAX,SUV - SMALL,1.4,4.0,AS6,X,9.2,7.0,8.2,34,193
CHEVROLET,SUBURBAN,SUV - STANDARD,5.3,8.0,A6,X,15.1,10.4,13.0,22,304
MAZDA,MAZDA3 4-DOOR,COMPACT,2.5,4.0,AS6,,8.4,6.1,7.4,38,173
DODGE,VIPER SRT,TWO-SEATER,8.4,10.0,M6,Z,19.2,11.3,15.6,18,364
FORD,TRANSIT CONNECT WAGON FFV,SPECIAL PURPOSE VEHICLE,2.5,4.0,AS6,E,16.8,12.0,14.6,19,240
JEEP,PATRIOT,SUV - SMALL,2.0,4.0,M5,X,10.3,7.8,9.2,31,214
MINI,COOPER S 3 DOOR,SUBCOMPACT,2.0,4.0,AS6,Z,9.2,7.0,8.2,34,193
JAGUAR,XJR LWB,FULL-SIZE,5.0,8.0,AS8,Z,15.8,10.2,13.3,21,313
KIA,FORTE KOUP,COMPACT,2.0,4.0,AS6,,9.7,7.1,8.6,33,200
FORD,F-150 FFV (Payload Pkg),PICKUP TRUCK - STANDARD,5.0,8.0,AS6,,20.6,14.3,17.8,16,293
GMC,CANYON,PICKUP TRUCK - SMALL,3.6,,A6,X,13.0,9.2,11.3,25,265
TOYOTA,CAMRY HYBRID LE,MID-SIZE,2.5,4.0,AV,,5.5,6.0,5.7,50,134
TOYOTA,HIGHLANDER AWD,SUV - STANDARD,3.5,6.0,AS6,X,13.0,9.8,11.6,24,272
VOLVO,XC90 T6 AWD,SUV - STANDARD,2.0,4.0,AS8,Z,11.5,9.5,10.6,27,247
KIA,K900,FULL-SIZE,3.8,6.0,AS8,X,13.9,9.2,11.8,24,278
FORD,EDGE AWD,SUV - SMALL,2.7,6.0,AS6,X,13.6,9.8,11.9,24,278
INFINITI,Q50 HYBRID AWD,COMPACT,3.5,6.0,AS7,Z,8.7,7.6,8.2,34,193
TOYOTA,YARIS HATCHBACK,COMPACT,1.5,4.0,M5,X,7.7,6.3,7.1,40,165
MASERATI,GHIBLI SQ4,MID-SIZE,3.0,6.0,AS8,Z,15.0,10.0,12.6,22,295
BMW,M3,COMPACT,3.0,6.0,AM7,Z,14.1,9.7,12.1,23,284
NISSAN,VERSA,MID-SIZE,1.6,4.0,M5,X,8.6,6.5,7.6,37,179
CADILLAC,CTS Vsport,MID-SIZE,3.6,6.0,AS8,,14.7,9.8,12.5,23,293
GMC,YUKON XL 4WD FFV,SUV - STANDARD,5.3,8.0,A6,E,22.2,15.3,19.1,15,317
TOYOTA,TACOMA 4WD,PICKUP TRUCK - SMALL,2.7,4.0,M5,X,12.4,11.4,11.9,24,279
ASTON MARTIN,V8 VANTAGE S,TWO-SEATER,4.7,,AM7,Z,17.4,11.3,14.7,19,343
TOYOTA,COROLLA,MID-SIZE,1.8,4.0,M6,X,8.4,6.4,7.5,38,174
FORD,MUSTANG CONVERTIBLE,SUB - COMPACT,2.3,4.0,AS6,X,116.0,8.0,10.0,28,234
LEXUS,LS 460 L AWD,MID-SIZE,4.6,8.0,AS8,Z,15.2,10.2,12.9,22,303
MERCEDES-BENZ,SLK 350,TWO-SEATER,3.5,6.0,AS7,Z,11.1,8.1,9.8,29,229
SCION,FR-S,MINICOMPACT,2.0,4.0,M6,Z,10.9,7.9,9.6,29,224
KIA,RIO ECO,COMPACT,1.6,4.0,AS6,X,8.5,6.3,7.6,37,175
FORD,TAURUS AWD,FULL-SIZE,3.5,6.0,AS6,X,14.7,9.8,12.5,23,293
JEEP,CHEROKEE 4X4 FFV,SUV - SMALL,2.4,4.0,A9,X,11.3,8.3,10.0,28,233
BMW,650i xDRIVE CABRIOLET,SUBCOMPACT,4.4,8.0,AS8,,14.3,9.3,12.1,23,283
HYUNDAI,VELOSTER TURBO,COMPACT,1.6,4.0,M6,X,9.4,7.0,8.3,34,197
AUDI,A4 QUATTRO,COMPACT,2.0,4.0,AS8,Z,11.0,7.8,9.6,29,224
TOYOTA,CAMRY,MID-SIZE,3.5,6.0,AS6,X,11.0,7.7,9.5,30,222
BMW,228i xDRIVE CABRIOLET,SUBCOMPACT,2.0,4.0,AS8,Z,10.5,6.9,8.9,32,209
MERCEDES-BENZ,MAYBACH S 600,FULL-SIZE,6.0,12.0,AS7,Z,18.2,11.7,15.3,18,359
JAGUAR,F-TYPE S COUPE,TWO-SEATER,3.0,6.0,AS8,,12.5,8.7,10.8,26,254
MAZDA,MAZDA3 5-DOOR (i-ELOOP),MID-SIZE,2.5,4.0,AS6,X,8.2,6.0,7.2,39,170
BMW,550i xDRIVE GRAN TURISMO,FULL-SIZE,4.4,8.0,AS8,Z,14.3,9.3,12.1,23,283
MERCEDES-BENZ,C 300 4MATIC,COMPACT,2.0,4.0,AS7,Z,10.1,7.8,9.0,31,212
CHRYSLER,300 FFV,FULL-SIZE,3.6,6.0,A8,E,16.8,10.3,13.9,20,229
HONDA,ACCORD,MID-SIZE,2.4,4.0,M6,X,10.3,7.2,8.9,32,207
FORD,EXPLORER AWD,SUV - STANDARD,2.3,4.0,AS6,X,13.1,9.1,11.3,25,265
TOYOTA,YARIS,COMPACT,1.5,4.0,AS6,X,7.2,5.6,6.4,44,151
TOYOTA,TUNDRA 4WD,PICKUP TRUCK - STANDARD,5.7,8.0,AS6,,18.2,14.1,16.3,17,380
BMW,328d xDRIVE TOURING,STATION WAGON - SMALL,2.0,4.0,AS8,D,7.7,5.7,6.8,42,183
MERCEDES-BENZ,S 600,FULL-SIZE,6.0,12.0,AS7,Z,17.3,11.0,14.5,19,340
CHEVROLET,CRUZE LIMITED,MID-SIZE,1.8,4.0,AS6,X,10.5,6.8,8.8,32,207
PORSCHE,CAYMAN,TWO-SEATER,2.7,6.0,AM7,Z,10.7,7.4,9.2,31,217
KIA,FORTE 5,FULL-SIZE,2.0,4.0,AS6,X,9.5,7.2,8.5,33,199
CHEVROLET,SONIC 5 RS,STATION WAGON - SMALL,1.4,4.0,M6,X,8.9,7.0,8.0,35,189
LEXUS,NX 200t AWD F SPORT,SUV - SMALL,2.0,4.0,AS6,,10.8,8.8,9.9,29,231
BMW,750Li xDRIVE,FULL-SIZE,4.4,8.0,AS8,Z,14.3,9.3,12.1,23,283
MERCEDES-BENZ,GL 550 4MATIC,SUV - STANDARD,4.7,8.0,AS7,Z,17.5,13.1,15.5,18,365
AUDI,Q3 QUATTRO,COMPACT,2.0,4.0,AS6,Z,11.9,8.4,10.3,27,240
CHEVROLET,TAHOE FFV,SUV - STANDARD,5.3,8.0,A6,E,20.5,14.0,17.6,16,288
PORSCHE,CAYENNE S,SUV - STANDARD,3.6,6.0,A8,Z,14.3,9.6,12.2,23,286
DODGE,JOURNEY FFV,SUV - SMALL,3.6,6.0,A6,E,18.9,12.9,16.2,17,270
NISSAN,FRONTIER 4WD,PICKUP TRUCK - SMALL,4.0,6.0,M6,X,15.0,11.2,13.3,21,313
PORSCHE,PANAMERA 4,FULL-SIZE,3.6,6.0,AM7,Z,13.1,8.7,11.1,25,262
CADILLAC,CTS AWD,MID-SIZE,2.0,4.0,AS8,Z,11.2,8.1,9.8,29,229
CHRYSLER,200 FFV,MID-SIZE,2.4,4.0,A9,E,13.6,8.5,11.3,25,186
FORD,FUSION,MID-SIZE,2.0,4.0,AS6,X,10.5,7.0,8.9,32,210
LEXUS,RX 350 AWD,SUV - SMALL,3.5,6.0,AS8,X,12.2,8.9,10.7,26,251
AUDI,TTS COUPE QUATTRO,SUBCOMPACT,2.0,4.0,AM6,Z,10.3,8.6,9.5,30,222
MINI,COOPER CONVERTIBLE,MINICOMPACT,1.5,3.0,M6,,8.2,6.0,7.2,39,170
SUBARU,LEGACY AWD,MID-SIZE,2.5,4.0,M6,X,10.7,7.8,9.4,30,220
BENTLEY,CONTINENTAL GT CONVERTIBLE,SUBCOMPACT,4.0,8.0,AS8,Z,17.7,10.3,14.4,20,337
MERCEDES-BENZ,S 400 4MATIC SWB,MID-SIZE,3.0,6.0,AS7,Z,12.6,8.6,10.8,26,253
GMC,TERRAIN AWD,SUV - SMALL,3.6,6.0,A6,X,14.9,10.1,12.8,22,300
JEEP,CHEROKEE 4X4,SUV - SMALL,2.4,4.0,A9,X,11.3,8.3,10.0,28,233
MERCEDES-BENZ,S 550 4MATIC COUPE,COMPACT,4.7,8.0,AS7,Z,14.4,9.8,12.3,23,289
INFINITI,Q50 AWD,MID-SIZE,2.0,4.0,AS7,Z,10.6,8.4,9.6,29,226
FORD,F-150 FFV (Payload Pkg),PICKUP TRUCK - STANDARD,5.0,8.0,AS6,X,16.8,11.8,14.5,19,341
MERCEDES-BENZ,AMG SLK 55,TWO-SEATER,5.5,,AS7,,12.4,8.5,10.6,27,252
SCION,iM,MID-SIZE,1.8,,M6,X,8.6,6.6,7.7,37,180
PORSCHE,911 CARRERA GTS,MINICOMPACT,3.8,6.0,M7,Z,12.9,9.0,11.2,25,262
PORSCHE,911 CARRERA,MINICOMPACT,3.4,,M7,Z,12.3,8.6,10.6,27,249
GMC,YUKON FFV,SUV - STANDARD,5.3,8.0,A6,X,15.1,10.4,13.0,22,304
DODGE,CHALLENGER SRT HELLCAT,MID-SIZE,6.2,8.0,A8,Z,17.6,10.7,14.5,19,339
CADILLAC,XTS AWD,FULL-SIZE,3.6,6.0,AS6,,13.9,8.9,11.6,24,273
BMW,M6 GRAN COUPE,COMPACT,4.4,8.0,M6,Z,16.1,10.9,13.7,21,321
AUDI,A7 QUATTRO TDI (modified),MID-SIZE,3.0,6.0,AS8,D,9.4,6.2,7.8,36,213
LAND ROVER,RANGE ROVER SUPERCHARGED LWB,SUV - STANDARD,5.0,8.0,AS8,Z,17.2,12.5,15.1,19,356
PORSCHE,BOXSTER,TWO-SEATER,2.7,6.0,M6,Z,11.5,7.9,9.9,29,232
PORSCHE,BOXSTER S,TWO-SEATER,3.4,6.0,AM7,Z,11.3,7.9,9.8,29,230
AUDI,TT ROADSTER QUATTRO,TWO-SEATER,2.0,4.0,AM6,X,10.1,7.8,9.1,31,209
FORD,MUSTANG,SUBCOMPACT,5.0,8.0,AS6,X,14.9,9.5,12.4,23,292
PORSCHE,CAYENNE GTS,SUV - STANDARD,3.6,6.0,A8,Z,14.8,10.4,12.8,22,300
FORD,C-MAX HYBRID,FULL-SIZE,2.0,4.0,AV,X,5.6,6.4,6.0,47,140
HYUNDAI,GENESIS COUPE,SUBCOMPACT,3.8,6.0,M6,Z,14.1,9.6,12.1,23,283
AUDI,RS 7 QUATTRO,MID-SIZE,4.0,8.0,AS8,,16.6,9.4,13.3,21,313
MAZDA,MAZDA6 (i-ELOOP),MID-SIZE,2.5,4.0,AS6,X,8.5,5.9,7.3,39,171
PORSCHE,911 CARRERA 4S CABRIOLET,MINICOMPACT,3.8,6.0,M7,Z,12.9,9.2,11.2,25,262
MITSUBISHI,OUTLANDER 4WD,SUV - SMALL,3.0,6.0,AS6,Z,11.9,8.5,10.4,27,238
VOLKSWAGEN,PASSAT,MID-SIZE,1.8,4.0,AS6,X,9.4,6.3,8.0,35,187
BMW,228i xDRIVE,SUBCOMPACT,2.0,4.0,AS8,Z,10.4,6.8,8.8,32,207
DODGE,CHARGER AWD,FULL-SIZE,3.6,6.0,A8,,12.8,8.6,10.9,26,257
CHRYSLER,300,FULL-SIZE,3.6,,A8,X,12.4,7.7,10.3,27,240
AUDI,S3 QUATTRO,SUBCOMPACT,2.0,4.0,AM6,Z,10.1,7.7,9.0,31,211
HONDA,ACCORD COUPE,MID-SIZE,3.5,6.0,AS6,X,11.4,7.3,9.5,30,223
CHEVROLET,TAHOE 4WD,SUV - STANDARD,5.3,8.0,A6,X,15.2,10.8,13.2,21,310
TOYOTA,PRIUS c,COMPACT,1.5,4.0,AV,X,4.5,5.1,4.7,60,111
CHRYSLER,300 AWD FFV,FULL-SIZE,3.6,6.0,A8,,17.3,11.7,14.8,19,243
CHEVROLET,EQUINOX FFV,SUV - SMALL,2.4,4.0,A6,X,10.5,7.3,9.1,31,214
HONDA,FIT,STATION WAGON - SMALL,1.5,4.0,M6,X,8.1,6.4,7.3,39,171
HONDA,CR-Z,TWO-SEATER,1.5,4.0,M6,X,7.9,6.5,7.3,39,169
ROLLS-ROYCE,PHANTOM,FULL-SIZE,6.7,,AS8,Z,20.9,12.7,17.2,16,403
CHEVROLET,TRAVERSE,SUV - STANDARD,3.6,6.0,A6,X,15.8,10.6,13.4,21,315
FORD,EDGE AWD,SUV - SMALL,3.5,6.0,AS6,X,13.7,9.6,11.8,24,278
KIA,SEDONA SXL,MINIVAN,3.3,6.0,AS6,X,14.2,10.5,12.5,23,296
MINI,COOPER S CONVERTIBLE,MINI COMPACT,2.0,4.0,AS6,Z,97.0,7.0,8.5,33,198
FORD,ESCAPE,SUV - SMALL,2.0,4.0,AS6,X,10.9,7.9,9.6,29,224
JEEP,COMPASS,SUV - SMALL,2.4,4.0,M5,X,10.2,8.2,9.3,30,218
ACURA,ILX,COMPACT,2.4,,AM8,Z,9.3,6.6,8.1,35,189
JAGUAR,F-TYPE R AWD CONVERTIBLE,TWO-SEATER,5.0,,AS8,,15.7,10.4,13.3,21,311
PORSCHE,CAYENNE DIESEL (modified),SUV - STANDARD,3.0,6.0,A8,D,11.2,8.4,9.8,29,270
PORSCHE,911 TARGA 4,MINICOMPACT,3.4,6.0,M7,Z,12.9,9.0,11.1,25,261
NISSAN,GT-R,SUBCOMPACT,3.8,6.0,AM6,Z,14.3,10.5,12.6,22,294
DODGE,CHARGER SRT HELLCAT,FULL-SIZE,6.2,8.0,A8,Z,17.6,10.7,14.5,19,339
BMW,228i,SUBCOMPACT,2.0,4.0,AS8,Z,9.9,6.5,8.4,34,197
JAGUAR,F-TYPE S CONVERTIBLE,TWO-SEATER,3.0,6.0,M6,Z,15.3,9.9,12.9,22,302
AUDI,A6 QUATTRO TDI (modified),MID-SIZE,3.0,6.0,AS8,D,94.0,6.2,7.8,36,213
FIAT,500X,SUV - SMALL,1.4,4.0,M6,X,9.5,6.9,8.3,34,194
GMC,YUKON XL,SUV - STANDARD,5.3,8.0,A6,X,15.1,10.4,13.0,22,304
LEXUS,LS 460 AWD,MID-SIZE,4.6,8.0,AS8,Z,15.2,10.2,12.9,22,303
KIA,SPORTAGE AWD,SUV - SMALL,2.0,4.0,AS6,X,12.6,9.7,11.3,25,261
CHRYSLER,300 (MDS),FULL-SIZE,5.7,8.0,A8,X,14.8,9.3,12.3,23,289
VOLKSWAGEN,TIGUAN,SUV - SMALL,2.0,4.0,AS6,Z,11.7,9.5,10.7,26,251
VOLVO,V60 T5,STATION WAGON - SMALL,2.0,4.0,AS8,X,9.6,6.7,8.3,34,193
CHEVROLET,SILVERADO FFV,PICKUP TRUCK - STANDARD,5.3,8.0,A6,X,14.6,10.4,12.7,22,298
FORD,FOCUS ST,MID-SIZE,2.0,4.0,M6,X,10.5,7.7,9.2,31,217
CHEVROLET,SONIC,COMPACT,1.8,4.0,M5,X,9.0,6.8,8.0,35,187
BUICK,LACROSSE FFV,MID-SIZE,3.6,6.0,AS6,E,18.7,12.4,15.8,18,260
VOLKSWAGEN,CC,COMPACT,2.0,4.0,AM6,Z,10.7,7.7,9.3,30,217
NISSAN,MAXIMA,MID-SIZE,3.5,6.0,AV7,Z,10.9,7.8,9.5,30,223
FORD,FOCUS FFV,COMPACT,2.0,4.0,AS6,E,12.1,8.6,10.5,27,175
MAZDA,CX-3,COMPACT,2.0,4.0,AS6,X,8.2,6.7,7.6,37,179
SUBARU,OUTBACK AWD,SUV - SMALL,3.6,6.0,AV6,X,12.0,8.6,10.5,27,246
JAGUAR,F-TYPE CONVERTIBLE,TWO-SEATER,3.0,6.0,AS8,Z,12.1,8.5,10.5,27,246
TOYOTA,SIENNA AWD,MINIVAN,3.5,6.0,AS6,X,14.4,10.2,12.5,23,290
MERCEDES-BENZ,B 250 4MATIC,MID-SIZE,2.0,4.0,AS7,,10.0,7.5,8.9,32,206
HYUNDAI,ELANTRA GT,MID-SIZE,2.0,4.0,AS6,X,9.8,7.2,8.6,33,203
CHEVROLET,SILVERADO 4WD,PICKUP TRUCK - STANDARD,5.3,8.0,A6,X,15.0,10.7,13.1,22,307
TOYOTA,COROLLA,MID-SIZE,1.8,4.0,A4,X,8.6,6.5,7.6,37,179
KIA,SORENTO AWD,SUV - SMALL,2.0,4.0,AS6,X,12.3,9.3,10.9,26,259
CHEVROLET,MALIBU LIMITED,MID-SIZE,2.5,4.0,AS6,X,10.0,7.0,8.6,33,202
CHEVROLET,CRUZE LIMITED ECO,MID-SIZE,1.4,4.0,A6,X,9.0,6.1,7.7,37,181
TOYOTA,AVALON,MID-SIZE,3.5,6.0,AS6,X,11.4,7.6,9.7,29,225
BMW,435i COUPE,COMPACT,3.0,6.0,AS8,Z,11.6,7.7,9.9,29,232
FORD,F-150 (Payload Pkg),PICKUP TRUCK - STANDARD,2.7,6.0,AS6,X,13.1,9.8,11.2,25,263
BMW,M2,SUBCOMPACT,3.0,6.0,M6,Z,12.7,9.2,11.1,25,260
SMART,FORTWO COUPE,TWO-SEATER,0.9,3.0,AM6,Z,7.5,6.1,6.9,41,157
MERCEDES-BENZ,AMG GLE 63 S 4MATIC,SUV - STANDARD,5.5,8.0,AS7,Z,17.3,13.5,15.6,18,366
CHEVROLET,SONIC,COMPACT,1.4,4.0,AS6,,9.0,6.8,8.0,35,188
FORD,MUSTANG CONVERTIBLE,SUBCOMPACT,5.0,,AS6,X,15.4,10.0,13.0,22,304
CADILLAC,ATS-V,COMPACT,3.6,6.0,AS8,Z,14.7,9.8,12.5,23,293
HYUNDAI,EQUUS,FULL-SIZE,5.0,8.0,AS8,Z,15.8,10.2,13.3,21,312
FORD,F-150 4X4,PICKUP TRUCK - STANDARD,2.7,6.0,AS6,X,13.1,10.1,11.7,24,275
BMW,M6 CABRIOLET,SUBCOMPACT,4.4,8.0,M6,Z,16.1,10.9,13.7,21,321
KIA,FORTE,MID-SIZE,2.0,4.0,M6,X,9.8,6.9,8.5,33,198
TOYOTA,TUNDRA,PICKUP TRUCK - STANDARD,5.7,8.0,AS6,X,17.3,13.0,15.4,18,360
CHRYSLER,200 AWD FFV,MID-SIZE,3.6,6.0,A9,,12.8,8.1,10.7,26,250
CHEVROLET,SILVERADO FFV,PICKUP TRUCK - STANDARD,5.3,8.0,A6,E,19.9,14.0,17.2,16,286
BMW,428i xDRIVE COUPE,COMPACT,2.0,4.0,AS8,Z,10.5,6.9,8.9,32,209
CADILLAC,XTS,FULL-SIZE,3.6,6.0,AS6,X,13.6,8.6,11.3,25,263
LINCOLN,MKX AWD,SUV - SMALL,3.7,6.0,AS6,X,14.4,10.3,12.5,23,293
FORD,TAURUS FFV,FULL-SIZE,3.5,6.0,AS6,E,17.6,11.6,14.9,19,248
INFINITI,Q50S RED SPORT AWD,MID-SIZE,3.0,6.0,AS7,Z,12.3,9.1,10.8,26,256
LEXUS,GS 200t,MID-SIZE,2.0,4.0,AS8,,10.6,7.2,9.0,31,212
BMW,X6 M,SUV - STANDARD,4.4,8.0,AS8,Z,16.6,12.1,14.6,19,343
BMW,M235i CABRIOLET,SUBCOMPACT,3.0,6.0,M6,Z,12.1,8.4,10.5,27,246
VOLKSWAGEN,GOLF R,COMPACT,2.0,4.0,AM6,Z,10.4,7.9,9.3,30,216
TOYOTA,TACOMA 4WD,PICKUP TRUCK - SMALL,2.7,4.0,AS6,X,12.7,10.5,11.7,24,274
JEEP,RENEGADE 4X4,SUV - SMALL,2.4,4.0,A9,X,11.2,8.0,9.8,29,229
INFINITI,Q50,MID-SIZE,2.0,4.0,AS7,Z,10.2,7.7,9.1,31,214
AUDI,A5 QUATTRO,SUBCOMPACT,2.0,4.0,AS8,Z,11.0,7.8,9.6,29,224
ASTON MARTIN,VANTAGE GT,TWO-SEATER,4.7,8.0,AM7,Z,17.4,11.3,14.7,19,343
NISSAN,370Z,TWO-SEATER,3.7,6.0,M6,Z,13.3,9.3,11.5,25,269
BMW,340i xDRIVE,COMPACT,3.0,6.0,M6,Z,11.9,8.3,10.3,27,241
SUBARU,IMPREZA WAGON AWD,STATION WAGON - SMALL,2.0,4.0,M5,X,9.5,7.0,8.4,34,197
VOLVO,XC60 3.0T AWD,SUV - SMALL,3.0,6.0,AS6,X,13.7,10.1,12.0,24,276
JEEP,WRANGLER 4X4,SUV - SMALL,3.6,6.0,M6,X,14.2,11.0,12.8,22,299
CHEVROLET,SUBURBAN 4WD FFV,SUV - STANDARD,5.3,8.0,A6,E,22.2,15.3,19.1,15,317
LAND ROVER,RANGE ROVER,SUV - STANDARD,3.0,6.0,AS8,Z,14.2,10.2,12.4,23,291
GMC,SIERRA FFV,PICKUP TRUCK - STANDARD,5.3,8.0,A6,E,19.9,14.0,17.2,16,286
PORSCHE,911 GT3RS,TWO-SEATER,4.0,6.0,AM7,Z,16.3,11.8,14.3,20,334
FORD,TRANSIT CONNECT WAGON LWB,SPECIAL PURPOSE VEHICLE,2.5,4.0,AS6,X,12.4,8.7,10.7,26,252
FORD,EXPEDITION EL 4X4,SUV - STANDARD,3.5,6.0,AS6,,16.4,12.1,14.4,20,338
PORSCHE,911 CARRERA S CABRIOLET,MINICOMPACT,3.8,6.0,AM7,Z,12.2,8.7,10.6,27,250
FORD,TRANSIT CONNECT WAGON LWB FFV,SPECIAL PURPOSE VEHICLE,2.5,4.0,AS6,,16.8,12.0,14.6,19,240
NISSAN,MICRA,COMPACT,1.6,4.0,M5,X,8.6,6.6,7.7,37,182
HYUNDAI,ACCENT,COMPACT,1.6,4.0,M6,X,8.7,6.3,7.6,37,176
CHEVROLET,CRUZE,COMPACT,1.4,4.0,M6,X,8.2,5.8,7.1,40,167
FIAT,500 HATCHBACK,MINICOMPACT,1.4,4.0,A6,X,8.7,6.9,7.9,36,183
BMW,X6 xDRIVE35i,SUV - STANDARD,3.0,6.0,AS8,Z,13.0,9.7,11.5,25,269
FORD,FOCUS FFV,compact,2.0,4.0,M5,X,92.0,6.6,8.0,35,188
RAM,1500 4X4 FFV,PICKUP TRUCK - STANDARD,3.6,6.0,A8,X,14.6,10.1,12.6,22,294
MINI,JOHN COOPER WORKS,SUBCOMPACT,2.0,4.0,AS6,Z,9.4,7.5,8.5,33,199
CADILLAC,ATS,COMPACT,2.0,4.0,M6,Z,12.0,8.1,10.3,27,240
LEXUS,ES 300h,MID-SIZE,2.5,4.0,AV6,X,5.8,6.1,5.9,48,139
JAGUAR,XF AWD ,MID-SIZE,3.0,6.0,AS8,Z,11.9,8.3,10.3,27,241
DODGE,CHALLENGER SRT,MID-SIZE,6.4,8.0,M6,Z,16.8,10.4,13.9,20,326
HYUNDAI,SONATA SPORT/LIMITED,FULL-SIZE,2.4,4.0,AS6,X,10.0,7.0,8.6,33,204
ROLLS-ROYCE,PHANTOM COUPE,COMPACT,6.7,12.0,AS8,Z,20.9,12.7,17.2,16,403
JEEP,CHEROKEE TRAILHAWK 4X4,SUV - SMALL,2.4,4.0,A9,X,12.1,9.4,10.9,26,255
LINCOLN,MKZ AWD,MID-SIZE,3.7,6.0,AS6,X,13.8,9.7,11.9,24,279
CHRYSLER,200 FFV,MID-SIZE,2.4,4.0,A9,X,10.2,6.4,8.5,33,198
CHEVROLET,CRUZE LIMITED ECO,MID-SIZE,1.4,4.0,M6,X,8.4,5.6,7.1,40,167
MERCEDES-BENZ,E 400 CABRIOLET,SUBCOMPACT,3.0,6.0,AS7,Z,11.5,8.1,10.0,28,233
AUDI,A4,COMPACT,2.0,4.0,AV8,Z,9.9,7.6,8.9,32,212
MERCEDES-BENZ,AMG G 63,SUV - STANDARD,5.5,8.0,AS7,Z,20.0,16.6,18.5,15,417
BMW,M235i,SUBCOMPACT,3.0,6.0,M6,,11.9,8.6,10.4,27,245
MERCEDES-BENZ,AMG C 63,COMPACT,4.0,,AS7,Z,13.4,9.6,11.7,24,268
FORD,EDGE,SUV - SMALL,3.5,6.0,AS6,X,13.4,9.0,11.4,25,268
BMW,435i xDRIVE COUPE,COMPACT,3.0,6.0,AS8,Z,12.0,7.9,10.2,28,238
MITSUBISHI,MIRAGE,COMPACT,1.2,3.0,M5,X,7.0,5.6,6.3,45,147
CHEVROLET,SONIC 5,STATION WAGON - SMALL,1.4,4.0,M6,X,8.5,6.2,7.5,38,175
MERCEDES-BENZ,AMG S 63 COUPE,COMPACT,5.5,8.0,AS7,Z,15.3,10.2,13.0,22,313
LAND ROVER,RANGE ROVER SUPERCHARGED,SUV - STANDARD,5.0,8.0,AS8,Z,17.2,12.5,15.1,19,356
CADILLAC,ATS-V,COMPACT,3.6,6.0,M6,,14.2,10.2,12.4,23,289
BMW,550i xDRIVE,MID-SIZE,4.4,,AS8,Z,14.4,9.6,12.3,23,288
JAGUAR,F-TYPE COUPE,TWO-SEATER,3.0,6.0,M6,Z,14.9,9.8,12.6,22,296
INFINITI,Q70 AWD,MID-SIZE,5.6,8.0,AS7,Z,14.9,10.2,12.8,22,300
CADILLAC,CTS,MID-SIZE,3.6,6.0,AS8,X,11.6,7.9,9.9,29,233
GMC,SIERRA 4WD,PICKUP TRUCK - STANDARD,5.3,8.0,A6,X,15.0,10.7,13.1,22,307
MINI,COOPER CLUBMAN,MID-SIZE,1.5,3.0,AS6,Z,9.4,7.0,8.3,34,195
BMW,320i,COMPACT,2.0,4.0,M6,Z,10.7,7.0,9.0,31,211
MITSUBISHI,RVR 4WD,SUV - SMALL,2.4,4.0,AV6,X,10.5,8.6,9.6,29,223
KIA,SORENTO AWD,SUV - SMALL,2.4,4.0,AS6,X,11.4,9.2,10.4,27,245
FIAT,500 HATCHBACK TURBO,MINICOMPACT,1.4,4.0,A6,X,9.6,7.3,8.6,33,200
MERCEDES-BENZ,CLA 250,COMPACT,2.0,4.0,AS7,Z,9.4,6.4,8.1,35,188
SUBARU,FORESTER AWD,SUV - SMALL,2.5,4.0,AV6,X,9.6,7.5,8.7,32,204
AUDI,A6 QUATTRO,MID-SIZE,2.0,4.0,AS8,Z,10.8,7.3,9.2,31,211
MINI,COOPER 3 DOOR,SUBCOMPACT,1.5,3.0,AS6,Z,8.7,6.6,7.7,37,181
AUDI,Q3,COMPACT,2.0,4.0,AS6,Z,12.0,8.2,10.3,27,242
HONDA,CIVIC SEDAN,MID-SIZE,2.0,4.0,AV,X,7.8,5.8,6.9,41,162
BUICK,ENCORE SPORT TOURING,SUV - SMALL,1.4,4.0,AS6,X,8.5,6.9,7.8,36,182
PORSCHE,CAYENNE TURBO,SUV - STANDARD,4.8,8.0,A8,Z,16.7,11.2,14.2,20,334
FORD,F-150 FFV 4X4,PICKUP TRUCK - STANDARD,3.5,6.0,A6,E,19.1,14.3,16.9,17,278
AUDI,S6 QUATTRO,MID-SIZE,4.0,8.0,AM7,Z,13.3,8.8,11.3,25,263
LEXUS,GS 450h,MID-SIZE,3.5,6.0,AV8,Z,8.1,6.9,7.6,37,177
FORD,EDGE,SUV - SMALL,2.0,4.0,AS6,X,11.5,7.8,9.8,29,231
JEEP,PATRIOT 4X4,SUV - SMALL,2.4,4.0,A6,X,11.7,9.1,10.5,27,248
FORD,FIESTA ST,COMPACT,1.6,4.0,M6,X,9.0,7.1,8.1,35,191
FORD,FUSION HYBRID,MID-SIZE,2.0,4.0,AV,X,5.4,5.7,5.5,51,130
FORD,TRANSIT CONNECT WAGON LWB FFV,SPECIAL PURPOSE VEHICLE,2.5,4.0,AS6,X,12.4,8.7,10.7,26,252
CHEVROLET,TRAX 4WD,SUV - SMALL,1.4,4.0,AS6,X,9.7,7.6,8.7,32,205
JEEP,CHEROKEE,SUV - SMALL,3.2,6.0,A9,X,11.4,8.1,9.9,29,233
CHEVROLET,EQUINOX AWD,SUV - SMALL,3.6,6.0,A6,X,14.9,10.1,12.8,22,300
FIAT,500L,STATION WAGON - SMALL,1.4,4.0,AM6,X,9.9,7.2,8.7,32,203
ASTON MARTIN,DB9 GT,MINICOMPACT,5.9,12.0,A6,Z,18.0,12.6,15.6,18,365
MINI,COOPER CLUBMAN,MID-SIZE,1.5,3.0,M6,Z,9.5,6.6,8.2,34,194
AUDI,A6 QUATTRO,MID-SIZE,3.0,6.0,AS8,Z,11.6,7.9,9.9,29,232
PORSCHE,PANAMERA TURBO S EXECUTIVE,FULL-SIZE,4.8,8.0,AM7,Z,15.4,9.8,12.9,22,303
MINI,COOPER S PACEMAN ALL4,COMPACT,1.6,4.0,AS6,Z,10.1,7.7,9.0,31,212
KIA,FORTE KOUP,COMPACT,1.6,4.0,M6,X,10.8,8.1,9.6,29,222
DODGE,DURANGO AWD (MDS),SUV - STANDARD,5.7,8.0,A8,X,16.7,10.7,14.0,20,329
PORSCHE,PANAMERA S,FULL-SIZE,3.0,6.0,AM7,Z,13.4,8.8,11.4,25,267
ACURA,TLX SH-AWD,COMPACT,3.5,6.0,AS9,,11.2,7.5,9.6,29,226
HONDA,HR-V AWD,SUV - SMALL,1.8,4.0,AV7,X,8.8,7.2,8.1,35,190
CHEVROLET,CAMARO,COMPACT,3.6,6.0,AS8,X,12.3,8.5,10.6,27,248
VOLVO,XC60 T6 AWD,SUV - SMALL,2.0,4.0,AS8,Z,11.8,9.1,10.6,27,247
FORD,F-150 4X4 (Payload Pkg),PICKUP TRUCK - STANDARD,3.5,6.0,AS6,,15.6,11.7,13.8,20,324
KIA,SORENTO AWD,SUV - SMALL,3.3,6.0,AS6,X,13.4,9.4,11.6,24,275
PORSCHE,PANAMERA TURBO S,FULL-SIZE,4.8,8.0,AM7,Z,15.3,9.7,12.8,22,300
MERCEDES-BENZ,AMG GL 63 S,SUV - STANDARD,5.5,8.0,AS7,,18.2,14.0,16.3,17,369
VOLKSWAGEN,BEETLE,COMPACT,1.8,4.0,M5,X,9.5,6.9,8.4,34,196
HONDA,FIT,STATION WAGON - SMALL,1.5,4.0,AV,X,7.0,5.7,6.4,44,150
BMW,M3,COMPACT,3.0,6.0,M6,Z,13.7,9.0,11.6,24,271
FORD,EXPLORER FFV AWD,SUV - STANDARD,3.5,6.0,AS6,E,19.7,14.1,17.2,16,282
AUDI,A8L QUATTRO,FULL-SIZE,6.3,12.0,AS8,Z,17.8,10.8,14.6,19,344
TOYOTA,RAV4 LIMITED/SE AWD,SUV - SMALL,2.5,4.0,AS6,X,10.6,8.1,9.4,30,220
VOLKSWAGEN,PASSAT,MID-SIZE,1.8,4.0,M6,X,9.5,6.4,8.1,35,189
BUICK,LACROSSE eASSIST,MID-SIZE,2.4,4.0,AS6,X,9.6,6.5,8.2,34,193
BMW,228i,SUBCOMPACT,2.0,4.0,M6,Z,10.7,7.0,9.0,31,211
BMW,M4 CABRIOLET,SUBCOMPACT,3.0,6.0,M6,Z,14.1,9.0,11.8,24,278
HYUNDAI,VELOSTER TURBO,COMPACT,1.6,4.0,AM6,X,8.9,7.1,8.1,35,191
ACURA,RLX,MID-SIZE,3.5,6.0,AS6,Z,11.9,7.7,10.0,28,235
PORSCHE,CAYENNE,SUV - STANDARD,3.6,6.0,A8,Z,13.5,9.7,11.8,24,277
MINI,COOPER CONVERTIBLE,MINICOMPACT,1.5,3.0,AS6,Z,8.7,6.6,7.7,37,181
MINI,JOHN COOPER WORKS PACEMAN ALL4,COMPACT,1.6,4.0,AS6,Z,10.1,7.7,9.0,31,212
PORSCHE,911 GT3,TWO-SEATER,3.8,6.0,AM7,Z,16.0,11.5,14.0,20,329
PORSCHE,MACAN S,SUV - SMALL,3.0,6.0,A7,Z,13.7,10.3,12.2,23,285
FORD,MUSTANG,SUBCOMPACT,5.0,8.0,M6,X,15.5,9.4,12.7,22,298
JEEP,GRAND CHEROKEE 4X4,SUV - STANDARD,3.6,6.0,A8,X,12.8,9.5,11.3,25,265
MAZDA,MAZDA3 4-DOOR,COMPACT,2.0,4.0,AS6,X,7.9,5.7,6.9,41,162
PORSCHE,911 CARRERA GTS,MINICOMPACT,3.8,6.0,AM7,Z,12.7,9.0,11.0,26,259
LAND ROVER,LR4,SUV - STANDARD,3.0,6.0,AS8,Z,16.2,12.1,14.3,20,336
HONDA,CR-V,SUV - SMALL,2.4,4.0,AV,X,8.8,6.9,7.9,36,186
FIAT,500X,SUV - SMALL,2.4,4.0,A9,X,10.6,7.6,9.3,30,217
FORD,FIESTA,SUBCOMPACT,1.6,4.0,AS6,X,8.7,6.4,7.6,37,180
MERCEDES-BENZ,AMG E 63 S 4MATIC,MID-SIZE,5.5,8.0,AS7,Z,15.3,10.8,13.3,21,310
FIAT,500L,STATION WAGON - SMALL,1.4,4.0,A6,X,10.6,7.8,9.4,30,218
TOYOTA,HIGHLANDER HYBRID AWD,SUV - STANDARD,3.5,6.0,AV6,X,8.6,8.4,8.5,33,198
MERCEDES-BENZ,GLA 250 4MATIC,SUV - SMALL,2.0,,AS7,Z,9.8,7.4,8.7,32,203
MERCEDES-BENZ,AMG GT S,TWO-SEATER,4.0,8.0,AM7,Z,14.5,10.8,12.8,22,303
CHEVROLET,SONIC 5,STATION WAGON - SMALL,1.4,4.0,AS6,X,9.0,6.8,8.0,35,188
DODGE,DURANGO AWD,SUV - STANDARD,3.6,6.0,A8,X,12.8,9.5,11.3,25,265
BUICK,ENCLAVE,SUV - STANDARD,3.6,6.0,A6,X,15.8,10.6,13.4,21,315
FORD,F-150 FFV 4X4,PICKUP TRUCK - STANDARD,5.0,8.0,AS6,E,21.6,15.1,18.7,15,306
HONDA,CIVIC COUPE,COMPACT,2.0,4.0,AV,X,7.8,5.8,6.9,41,162
FORD,EXPLORER FFV,SUV - STANDARD,3.5,6.0,AS6,X,13.9,9.6,12.0,24,280
JEEP,CHEROKEE FFV,SUV - SMALL,2.4,4.0,A9,X,10.9,7.7,9.5,30,223
DODGE,CHARGER FFV,FULL-SIZE,3.6,6.0,A5,E,18.7,12.4,15.9,18,264
JEEP,CHEROKEE 4X4 ACTIVE DRIVE II,SUV - SMALL,3.2,6.0,A9,X,12.5,8.9,10.9,26,256
AUDI,Q5 QUATTRO,SUV - SMALL,3.0,6.0,AS8,Z,13.2,9.2,11.4,25,267
KIA,OPTIMA,FULL-SIZE,2.4,4.0,AS6,,9.4,6.5,8.1,35,193
PORSCHE,911 TARGA 4S,MINICOMPACT,3.8,6.0,M7,Z,13.1,9.2,11.4,25,267
HYUNDAI,ACCENT,COMPACT,1.6,4.0,AS6,X,8.9,6.3,7.7,37,179
MERCEDES-BENZ,E 300 4MATIC,MID SIZE,3.5,6.0,AS7,,119.0,8.2,10.2,28,240
TOYOTA,COROLLA LE ECO (1-mode),MID-SIZE,1.8,,AV,X,7.7,5.6,6.8,42,160
BMW,X4 xDRIVE28i,SUV - SMALL,2.0,4.0,AS8,Z,11.7,8.4,10.2,28,238
RAM,1500 HFE,PICKUP TRUCK - STANDARD,3.6,6.0,A8,X,12.9,9.3,11.3,25,264
VOLVO,S60 CC T5 AWD,COMPACT,2.5,5.0,AS6,X,11.8,8.6,10.3,27,239
MAZDA,CX-5 4WD,SUV - SMALL,2.5,4.0,AS6,X,9.8,7.9,9.0,31,210
LINCOLN,MKZ HYBRID,MID-SIZE,2.0,4.0,AV,X,5.7,6.0,5.8,49,136
PORSCHE,911 TARGA 4,MINICOMPACT,3.4,,AM7,Z,12.3,8.9,10.8,26,253
MINI,COOPER S COUNTRYMAN ALL4,COMPACT,1.6,4.0,AS6,Z,10.1,7.7,9.0,31,212
LINCOLN,MKX AWD,SUV - SMALL,2.7,6.0,AS6,X,14.1,9.7,12.1,23,283
FORD,TRANSIT CONNECT WAGON FFV,SPECIAL PURPOSE VEHICLE,2.5,4.0,AS6,X,12.4,8.7,10.7,26,252
LAMBORGHINI,AVENTADOR COUPE,TWO-SEATER,6.5,12.0,AM7,Z,22.2,12.7,17.9,16,420
CHEVROLET,SUBURBAN 4WD FFV,SUV - STANDARD,5.3,8.0,A6,X,15.4,10.8,13.3,21,312
TOYOTA,VENZA,SUV - SMALL,2.7,4.0,AS6,X,11.6,9.0,10.4,27,244
HONDA,PILOT,SUV - SMALL,3.5,6.0,A6,X,12.4,8.8,10.8,26,253
FORD,EXPLORER FFV AWD,SUV - STANDARD,3.5,6.0,AS6,X,14.4,10.4,12.6,22,295
HONDA,ACCORD SEDAN,MID-SIZE,3.5,6.0,A6,X,11.3,7.0,9.4,30,219
JEEP,PATRIOT,SUV - SMALL,2.4,4.0,A6,X,11.2,8.6,10.0,28,235
TOYOTA,VENZA,SUV - SMALL,3.5,6.0,AS6,,12.5,9.0,10.9,26,256
TOYOTA,4RUNNER 4WD (Part-Time 4WD),SUV - STANDARD,4.0,6.0,AS5,,14.2,11.1,12.8,22,298
MITSUBISHI,OUTLANDER 4WD,SUV - SMALL,2.4,4.0,AV6,X,9.7,8.1,9.0,31,207
LAND ROVER,RANGE ROVER TD6 DIESEL,SUV - STANDARD,3.0,6.0,AS8,D,10.6,8.1,9.4,30,254
MERCEDES-BENZ,AMG CLS 63 S 4MATIC,COMPACT,5.5,8.0,AS7,Z,15.1,10.8,13.1,22,308
BMW,435i xDRIVE GRAN COUPE,COMPACT,3.0,6.0,AS8,Z,12.0,7.9,10.2,28,238
PORSCHE,PANAMERA,FULL-SIZE,3.6,6.0,AM7,Z,12.9,8.4,10.9,26,255
BMW,M5,MID-SIZE,4.4,8.0,M6,Z,16.1,10.9,13.7,21,321
PORSCHE,PANAMERA TURBO EXECUTIVE,FULL-SIZE,4.8,8.0,AM7,,15.4,9.8,12.9,22,303
JEEP,RENEGADE 4X4,SUV - SMALL,1.4,4.0,M6,,9.9,7.5,8.8,32,203
HYUNDAI,SONATA HYBRID,MID-SIZE,2.0,4.0,AM6,X,5.9,5.3,5.6,50,133
FORD,F-150,PICKUP TRUCK - STANDARD,2.7,6.0,AS6,X,12.3,9.2,10.9,26,256
CHEVROLET,COLORADO,PICKUP TRUCK - SMALL,2.5,4.0,M6,,12.2,9.1,10.8,26,253
FIAT,500 CABRIO,MINICOMPACT,1.4,4.0,M5,X,7.9,6.3,7.2,39,168
NISSAN,PATHFINDER 4WD PLATINUM,SUV - SMALL,3.5,6.0,AV,X,12.7,9.0,11.0,26,258
KIA,SEDONA SX,MINIVAN,3.3,6.0,AS6,X,12.9,9.5,11.4,25,269
SCION,tC,COMPACT,2.5,4.0,M6,X,10.2,7.7,9.0,31,210
HONDA,ODYSSEY,MINIVAN,3.5,6.0,A6,X,12.3,8.5,10.6,27,250
PORSCHE,CAYMAN S,TWO-SEATER,3.4,6.0,M6,Z,11.9,8.6,10.4,27,245
GMC,YUKON XL FFV,SUV - STANDARD,5.3,8.0,A6,X,15.1,10.4,13.0,22,304
CHEVROLET,MALIBU,MID-SIZE,1.5,4.0,A6,X,8.7,6.3,7.6,37,179
HYUNDAI,VELOSTER,COMPACT,1.6,4.0,AM6,X,8.3,6.5,7.5,38,177
FORD,FIESTA,SUBCOMPACT,1.6,4.0,M5,X,8.5,6.5,7.6,37,179
INFINITI,QX80 4WD,SUV - STANDARD,5.6,8.0,AS7,Z,17.4,12.2,15.1,19,354
CHEVROLET,IMPALA,FULL-SIZE,2.5,4.0,AS6,X,10.6,7.5,9.2,31,215
LAND ROVER,RANGE ROVER EVOQUE,SUV - SMALL,2.0,4.0,AS9,Z,11.3,7.9,9.7,29,229
FORD,TRANSIT CONNECT VAN FFV,SPECIAL PURPOSE VEHICLE,2.5,4.0,AS6,X,11.9,8.6,10.4,27,243
BMW,528i xDRIVE,MID-SIZE,2.0,4.0,AS8,,10.5,6.9,8.9,32,209
HONDA,HR-V,SUV - SMALL,1.8,4.0,AV7,X,8.3,6.7,7.6,37,177
VOLVO,V60 3.0T AWD,STATION WAGON - SMALL,3.0,6.0,AS6,X,13.0,9.0,11.2,25,259
HONDA,FIT,STATION WAGON - SMALL,1.5,,AV7,X,7.3,6.1,6.8,42,158
MAZDA,MAZDA3 4-DOOR (SIL),COMPACT,2.0,4.0,M6,X,8.0,5.8,7.0,40,165
CHEVROLET,CRUZE LIMITED,MID-SIZE,1.4,4.0,M6,X,9.0,6.2,7.8,36,182
FORD,EDGE (Start/Stop),SUV - SMALL,2.0,4.0,AS6,X,11.3,7.9,9.8,29,228
INFINITI,Q50S RED SPORT,MID-SIZE,3.0,6.0,AS7,,11.8,8.8,10.5,27,247
SUBARU,XV CROSSTREK AWD,SUV - SMALL,2.0,4.0,AV6,,9.1,7.0,8.1,35,191
VOLVO,S60 INSCRIPTION,COMPACT,2.0,4.0,AS8,X,9.6,6.7,8.3,34,193
CHEVROLET,EQUINOX FFV,SUV - SMALL,2.4,4.0,A6,,15.6,10.8,13.4,21,221
ASTON MARTIN,V12 VANTAGE S,TWO-SEATER,6.0,12.0,AM7,Z,19.5,12.8,16.5,17,390
BUICK,REGAL AWD,MID-SIZE,2.0,4.0,AS6,Z,12.4,8.7,10.7,26,252
CHRYSLER,300 FFV,FULL-SIZE,3.6,6.0,A8,X,12.4,7.7,10.3,27,240
PORSCHE,911 CARRERA,MINICOMPACT,3.4,6.0,AM7,Z,11.6,8.4,10.1,28,238
FORD,F-150 FFV 4X4 (Payload Pkg),PICKUP TRUCK - STANDARD,5.0,8.0,AS6,X,16.8,12.4,14.8,19,347
PORSCHE,BOXSTER SPYDER,TWO-SEATER,3.8,6.0,M6,Z,13.1,9.9,11.6,24,272
HYUNDAI,SANTA FE ULTIMATE AWD,SUV - SMALL,3.3,6.0,AS6,X,13.9,10.8,12.5,23,295
DODGE,DART FFV,MID-SIZE,2.0,4.0,A6,E,13.3,9.3,11.5,25,187
PORSCHE,CAYMAN,TWO-SEATER,2.7,6.0,M6,Z,11.5,7.9,9.9,29,232
VOLKSWAGEN,GOLF SPORTWAGON,STATION WAGON - SMALL,1.8,4.0,M5,X,9.5,6.6,8.2,34,192
MERCEDES-BENZ,AMG CLA 45,COMPACT,2.0,4.0,AS7,,10.2,7.7,9.1,31,214
BMW,435i COUPE,COMPACT,3.0,6.0,M6,Z,12.1,8.4,10.5,27,246
CHEVROLET,CRUZE,COMPACT,1.4,4.0,AS6,X,7.8,5.6,6.8,42,159
DODGE,JOURNEY,SUV - SMALL,2.4,4.0,A4,X,12.7,9.1,11.1,25,260
FORD,MUSTANG,SUBCOMPACT,3.7,6.0,M6,X,13.6,8.4,11.2,25,264
ROLLS-ROYCE,PHANTOM DROPHEAD COUPE,COMPACT,6.7,12.0,AS8,Z,20.7,12.9,17.2,16,404
JEEP,PATRIOT 4X4 TRAIL RATED,SUV - SMALL,2.4,4.0,AV,X,11.7,10.3,11.1,25,259
BMW,M235i,SUBCOMPACT,3.0,6.0,AS8,Z,11.6,7.7,9.9,29,232
BUICK,ENCORE SPORT TOURING AWD,SUV - SMALL,1.4,4.0,AS6,X,8.9,7.4,8.2,34,192
VOLVO,XC60 T6,SUV - SMALL,2.0,4.0,AS8,Z,11.0,8.1,9.7,29,226
BMW,ALPINA B6 xDRIVE GRAN COUPE,COMPACT,4.4,8.0,AS8,Z,14.3,9.3,12.1,23,283
AUDI,A8 QUATTRO TDI (modified),MID-SIZE,3.0,6.0,AS8,D,9.8,6.5,8.4,34,224
BMW,640i xDRIVE GRAN COUPE,COMPACT,3.0,6.0,AS8,Z,11.9,8.1,10.2,28,238
FORD,EDGE AWD,SUV - SMALL,2.0,4.0,AS6,X,11.8,8.4,10.3,27,240
LINCOLN,MKS AWD,FULL-SIZE,3.7,6.0,AS6,X,14.2,9.8,12.2,23,287
MASERATI,GRANTURISMO CONVERTIBLE,SUBCOMPACT,4.7,8.0,AS6,Z,18.2,11.6,15.2,19,360
FORD,ESCAPE,SUV - SMALL,1.6,,AS6,X,10.1,7.4,8.9,32,208
FORD,TRANSIT CONNECT VAN,SPECIAL PURPOSE VEHICLE,2.5,4.0,AS6,X,11.9,8.6,10.4,27,243
MITSUBISHI,MIRAGE,COMPACT,1.2,,AV,X,6.4,5.3,5.9,48,139
INFINITI,QX50 AWD,STATION WAGON - SMALL,3.7,6.0,AS7,Z,13.7,9.7,11.9,24,279
FIAT,500 ABARTH HATCHBACK,MINICOMPACT,1.4,4.0,M5,X,8.5,6.9,7.8,36,183
GMC,YUKON XL 4WD,SUV - STANDARD,5.3,8.0,A6,,15.4,10.8,13.3,21,312
CHEVROLET,SILVERADO 4WD FFV,PICKUP TRUCK - STANDARD,4.3,6.0,A6,X,14.2,10.7,12.6,22,296
GMC,TERRAIN FFV,SUV - SMALL,2.4,4.0,A6,X,10.5,7.3,9.1,31,214
KIA,FORTE 5,FULL-SIZE,1.6,4.0,M6,X,11.1,8.2,9.8,29,227
RAM,1500 4X4 FFV,PICKUP TRUCK - STANDARD,3.6,6.0,A8,E,20.5,14.5,17.8,16,296
FORD,FOCUS,COMPACT,1.0,3.0,AS6,X,8.5,5.9,7.3,39,171
TOYOTA,SIENNA,MINIVAN,3.5,6.0,AS6,,13.0,9.5,11.4,25,267
BUICK,LACROSSE AWD FFV,MID-SIZE,3.6,6.0,AS6,E,18.5,12.5,15.8,18,263
GMC,CANYON,PICKUP TRUCK - SMALL,2.8,4.0,A6,,10.8,7.7,9.4,30,252
SUBARU,FORESTER AWD,SUV - SMALL,2.0,4.0,AV8,Z,10.2,8.5,9.4,30,222
TOYOTA,4RUNNER 4WD,SUV - STANDARD,4.0,6.0,AS5,X,14.2,11.1,12.8,22,298
VOLKSWAGEN,BEETLE,COMPACT,1.8,4.0,AS6,X,9.6,7.0,8.4,34,196
BMW,428i CABRIOLET,SUBCOMPACT,2.0,4.0,AS8,Z,10.8,6.7,8.9,32,211
MITSUBISHI,LANCER,COMPACT,2.4,4.0,AV6,X,9.8,7.6,8.8,32,204
CHRYSLER,300 AWD,FULL-SIZE,3.6,6.0,A8,X,12.8,8.6,10.9,26,257
KIA,RONDO,STATION WAGON - MID-SIZE,2.0,4.0,M6,X,10.4,7.8,9.3,30,220
BMW,320i,COMPACT,2.0,4.0,AS8,Z,9.9,6.5,8.4,34,197
KIA,OPTIMA,FULL-SIZE,1.6,4.0,AM7,X,8.4,6.1,7.4,38,175
JEEP,GRAND CHEROKEE 4X4 DIESEL,SUV - STANDARD,3.0,6.0,A8,D,11.2,8.4,9.9,29,267
MERCEDES-BENZ,GLE 450 AMG SPORT 4MATIC COUPE,SUV - STANDARD,3.0,6.0,A9,Z,13.6,10.2,12.0,24,281
BENTLEY,FLYING SPUR,MID-SIZE,6.0,12.0,AS8,Z,20.3,11.9,16.5,17,388
VOLKSWAGEN,JETTA HYBRID,COMPACT,1.4,4.0,AM7,Z,5.7,4.9,5.3,53,124
MERCEDES-BENZ,CLS 550 4MATIC,COMPACT,4.7,8.0,AS7,Z,13.7,9.3,11.7,24,277
NISSAN,MICRA,COMPACT,1.6,4.0,A4,X,8.8,6.6,7.8,36,184
BMW,M5,MID-SIZE,4.4,8.0,AM7,Z,17.3,11.5,14.7,19,344
DODGE,JOURNEY FFV,SUV - SMALL,3.6,6.0,A6,X,14.2,9.4,12.1,23,283
ACURA,MDX SH-AWD,SUV - SMALL,3.5,6.0,AS9,Z,12.7,9.1,11.1,25,254
MERCEDES-BENZ,E 550 CABRIOLET,SUBCOMPACT,4.7,8.0,AS7,Z,13.7,9.2,11.7,24,275
HYUNDAI,SANTA FE SPORT AWD,SUV - SMALL,2.4,,AS6,X,12.5,9.3,11.1,25,257
JEEP,COMPASS,SUV - SMALL,2.0,4.0,AV,X,10.8,8.9,10.0,28,234
DODGE,CHALLENGER SRT HELLCAT,MID-SIZE,6.2,8.0,M6,Z,18.1,11.4,15.1,19,353
JAGUAR,XJ R-SPORT 3.0 AWD,FULL-SIZE,3.0,6.0,AS8,Z,14.0,8.9,11.7,24,275
ROLLS-ROYCE,GHOST,FULL-SIZE,6.6,12.0,AS8,Z,19.2,12.4,16.1,18,373
FORD,FOCUS FFV,COMPACT,2.0,4.0,AS6,,9.0,6.2,7.8,36,183
BUICK,VERANO,COMPACT,2.4,4.0,AS6,,11.3,7.4,9.6,29,224
FORD,FUSION (Start/Stop),MID-SIZE,1.5,4.0,AS6,X,9.4,6.3,8.0,35,188
NISSAN,FRONTIER,PICKUP TRUCK - SMALL,2.5,4.0,A5,X,13.6,10.4,12.1,23,285
TOYOTA,YARIS (SIL),COMPACT,1.5,4.0,M6,X,7.6,5.7,6.7,42,157
MINI,COOPER S CONVERTIBLE,MINICOMPACT,2.0,4.0,M6,Z,10.0,7.0,8.7,32,203
JEEP,COMPASS,SUV - SMALL,2.4,4.0,A6,X,11.2,8.6,10.0,28,235
GMC,SAVANA 3500 PASSENGER,VAN - PASSENGER,6.0,8.0,A6,X,23.0,16.0,19.8,14,465
AUDI,Q5 QUATTRO TDI (modified),SUV - SMALL,3.0,6.0,AS8,D,10.2,7.8,9.0,31,244
KIA,FORTE KOUP,COMPACT,1.6,4.0,AS6,X,10.6,7.8,9.4,30,218
FORD,MUSTANG,SUBCOMPACT,2.3,4.0,M6,,10.6,7.6,9.2,31,217
LINCOLN,NAVIGATOR 4X4,SUV - STANDARD,3.5,,AS6,X,16.2,11.9,14.3,20,334
DODGE,CHARGER (MDS),FULL-SIZE,5.7,,A5,X,15.7,9.6,12.9,22,302
FORD,EXPLORER AWD,SUV - STANDARD,3.5,6.0,AS6,X,14.9,10.7,13.0,22,305
HYUNDAI,ELANTRA,MID-SIZE,1.8,4.0,AS6,X,8.5,6.3,7.5,38,176
DODGE,DART TURBO AERO,MID-SIZE,1.4,4.0,M6,X,8.5,5.8,7.3,39,171
FORD,TAURUS FFV AWD,FULL-SIZE,3.5,6.0,AS6,X,13.6,9.8,12.4,23,291
PORSCHE,911 CARRERA S,MINICOMPACT,3.8,6.0,AM7,Z,11.9,8.7,10.5,27,245
BMW,Z4 sDRIVE28i,TWO-SEATER,2.0,4.0,M6,,10.7,7.0,9.0,31,211
AUDI,A8L QUATTRO,FULL-SIZE,4.0,8.0,AS8,Z,13.1,8.3,10.9,26,255
INFINITI,Q50 AWD,MID-SIZE,3.0,6.0,AS7,Z,12.3,8.5,10.6,27,249
MAZDA,MAZDA3 5-DOOR (SIL),MID-SIZE,2.0,4.0,M6,X,8.2,5.9,7.1,40,167
SUBARU,LEGACY AWD,MID-SIZE,2.5,,AV6,X,9.0,6.5,7.9,36,185
SCION,tC,COMPACT,2.5,4.0,AS6,X,10.2,7.6,9.0,31,211
LINCOLN,MKZ AWD,MID-SIZE,2.0,4.0,AS6,X,10.8,7.5,9.3,30,220
FORD,FOCUS FFV,COMPACT,2.0,4.0,AM6,E,11.9,8.3,10.3,27,170
BMW,X5 xDRIVE35d,SUV - STANDARD,3.0,6.0,AS8,D,10.0,7.6,8.9,32,233
MITSUBISHI,LANCER SPORTBACK,STATION WAGON - SMALL,2.0,4.0,AV6,X,9.2,7.1,8.3,34,191
HYUNDAI,ELANTRA,MID-SIZE,2.0,4.0,AS6,X,9.7,6.7,8.3,34,194
VOLVO,V60 POLESTAR,STATION WAGON - SMALL,3.0,6.0,AS6,X,13.0,9.0,11.2,25,259
JAGUAR,F-TYPE S COUPE AWD,TWO-SEATER,3.0,6.0,AS8,Z,13.0,9.1,11.3,25,264
SUBARU,XV CROSSTREK HYBRID AWD,SUV - SMALL,2.0,4.0,AV6,X,7.9,6.9,7.5,38,175
CHEVROLET,COLORADO 4WD,PICKUP TRUCK - SMALL,3.6,,A6,X,13.6,9.9,11.9,24,279
FORD,TRANSIT CONNECT VAN,SPECIAL PURPOSE VEHICLE,1.6,4.0,AS6,X,10.8,8.0,9.5,30,223
BMW,M6 CABRIOLET,SUBCOMPACT,4.4,8.0,AM7,Z,17.3,11.5,14.7,19,344
FORD,F-150,PICKUP TRUCK - STANDARD,3.5,6.0,AS6,X,13.5,9.8,11.9,24,278
CADILLAC,ATS,COMPACT,2.5,4.0,AS8,X,10.6,7.3,9.1,31,214
HYUNDAI,GENESIS COUPE,SUBCOMPACT,3.8,6.0,AS8,Z,14.4,9.5,12.2,23,284
LEXUS,NX 200t AWD,SUV - SMALL,2.0,4.0,AS6,Z,10.6,8.4,9.6,29,225
CHEVROLET,SUBURBAN FFV,SUV - STANDARD,5.3,8.0,A6,E,20.5,14.0,17.6,16,288
FORD,FOCUS,COMPACT,1.0,3.0,M6,X,7.8,5.7,6.8,42,160
TOYOTA,HIGHLANDER HYBRID AWD LE,SUV - STANDARD,3.5,6.0,AV6,X,8.4,8.3,8.4,34,195
BMW,M4 CABRIOLET,SUBCOMPACT,3.0,6.0,AM7,Z,14.2,9.6,12.1,23,282
BMW,X3 xDRIVE35i,SUV - SMALL,3.0,6.0,AS8,Z,12.7,8.8,10.9,26,257
AUDI,S5 CABRIOLET QUATTRO,SUBCOMPACT,3.0,6.0,AM7,Z,13.3,9.1,11.4,25,266
TOYOTA,HIGHLANDER,SUV - SMALL,3.5,6.0,AS6,X,12.5,9.3,11.1,25,260
JEEP,WRANGLER 4X4,SUV - SMALL,3.6,6.0,A5,X,14.1,11.1,12.8,22,299
MERCEDES-BENZ,AMG S 65 COUPE,COMPACT,6.0,12.0,AS7,Z,18.0,11.3,15.0,19,355
CHEVROLET,TAHOE FFV,SUV - STANDARD,5.3,8.0,A6,X,15.1,10.4,13.0,22,304
MERCEDES-BENZ,C 450 AMG SPORT 4MATIC,COMPACT,3.0,6.0,AS7,Z,11.1,9.6,10.4,27,231
HONDA,CIVIC SEDAN,MID-SIZE,1.5,4.0,AV,X,7.6,5.5,6.7,42,157
FIAT,500 CABRIO,MINICOMPACT,1.4,4.0,A6,,8.7,6.9,7.9,36,183
CHEVROLET,SONIC,COMPACT,1.8,4.0,AS6,X,9.6,6.7,8.3,34,195
CADILLAC,CT6 AWD,FULL-SIZE,3.6,6.0,AS8,,12.8,8.7,11.0,26,257
JEEP,PATRIOT 4X4,SUV - SMALL,2.4,4.0,M5,X,10.6,8.6,9.7,29,228
DODGE,CHALLENGER,MID-SIZE,3.6,6.0,A8,,12.4,7.8,10.3,27,242
LEXUS,GS 350 F SPORT,MID-SIZE,3.5,6.0,AS8,,12.5,8.6,10.7,26,251
PORSCHE,BOXSTER GTS,TWO-SEATER,3.4,6.0,M6,Z,12.1,8.9,10.7,26,250
CHEVROLET,MALIBU HYBRID,MID-SIZE,1.8,4.0,AV,X,5.0,5.1,5.1,55,122
CHEVROLET,EXPRESS 2500 PASSENGER,VAN - PASSENGER,6.0,8.0,A6,,22.0,14.9,18.8,15,441
KIA,SPORTAGE,SUV - SMALL,2.4,4.0,AS6,X,11.4,8.3,10.0,28,231
DODGE,DART,MID-SIZE,2.4,4.0,M6,,10.5,6.7,8.8,32,205
ROLLS-ROYCE,GHOST EWB,FULL-SIZE,6.6,,AS8,Z,19.2,12.4,16.1,18,373
GMC,CANYON 4WD,PICKUP TRUCK - SMALL,3.6,6.0,A6,,13.6,9.9,11.9,24,279
LAND ROVER,RANGE ROVER SPORT SUPERCHARGED,SUV - STANDARD,5.0,8.0,AS8,Z,16.6,12.3,14.7,19,344
MERCEDES-BENZ,GLE 400 4MATIC,SUV - STANDARD,3.0,6.0,AS7,Z,13.3,10.4,12.0,24,282
KIA,SOUL,STATION WAGON - SMALL,1.6,4.0,M6,X,9.9,7.8,9.0,31,208
PORSCHE,911 TURBO S CABRIOLET,MINICOMPACT,3.8,6.0,AM7,Z,13.7,9.6,11.9,24,278
GMC,SIERRA FFV,PICKUP TRUCK - STANDARD,5.3,8.0,A6,X,14.6,10.4,12.7,22,298
BUICK,LACROSSE AWD FFV,MID-SIZE,3.6,6.0,AS6,X,13.8,9.0,11.7,24,274
BUICK,REGAL eASSIST,MID-SIZE,2.4,4.0,AS6,X,9.6,6.5,8.2,34,193
BMW,X5 xDRIVE50i,SUV - STANDARD,4.4,8.0,AS8,Z,15.7,11.4,13.8,20,322
CHEVROLET,COLORADO 4WD,PICKUP TRUCK - SMALL,2.5,,A6,X,12.7,9.6,11.3,25,265
HONDA,CIVIC COUPE,COMPACT,1.5,4.0,AV,X,7.5,5.6,6.7,42,155
CADILLAC,CTS-V,MID-SIZE,6.2,8.0,AS8,Z,16.6,11.1,14.1,20,332
RAM,1500 4X4 ECODIESEL,PICKUP TRUCK - STANDARD,3.0,6.0,A8,D,12.1,8.8,10.6,27,283
DODGE,DART,MID-SIZE,2.0,4.0,M6,X,9.4,6.5,8.1,35,189
KIA,SORENTO,SUV - SMALL,2.4,4.0,AS6,X,11.1,8.2,9.8,29,233
PORSCHE,911 CARRERA S,MINICOMPACT,3.8,6.0,M7,Z,12.4,8.7,10.7,26,252
MAZDA,CX-3 4WD,COMPACT,2.0,4.0,AS6,,8.8,7.3,8.1,35,189
VOLKSWAGEN,TIGUAN,SUV - SMALL,2.0,4.0,M6,Z,13.0,9.0,11.2,25,259
TOYOTA,CAMRY,MID-SIZE,2.5,4.0,AS6,X,9.4,6.7,8.2,34,192
LINCOLN,MKC AWD,SUV - SMALL,2.3,4.0,AS6,,12.8,9.1,11.1,25,261
MERCEDES-BENZ,METRIS CARGO,SPECIAL PURPOSE VEHICLE,2.0,4.0,AS7,Z,10.8,9.5,10.2,28,233
TOYOTA,RAV4 AWD,SUV - SMALL,2.5,4.0,AS6,X,10.5,8.2,9.5,30,220
BMW,428i GRAN COUPE,COMPACT,2.0,4.0,M6,Z,10.9,6.8,9.0,31,210
JAGUAR,F-TYPE PROJECT 7 CONVERTIBLE,TWO-SEATER,5.0,8.0,AS8,,15.0,10.2,12.8,22,302
BMW,340i,COMPACT,3.0,6.0,AS8,Z,10.9,7.2,9.3,30,217
SMART,FORTWO CABRIOLET,TWO-SEATER,0.9,3.0,AM6,Z,7.5,6.1,6.9,41,157
LEXUS,GS 200t F SPORT,MID-SIZE,2.0,4.0,AS8,Z,11.3,7.8,9.7,29,227
BUICK,REGAL,MID-SIZE,2.0,4.0,M6,Z,11.6,7.6,9.8,29,230
TOYOTA,RAV4,SUV - SMALL,2.5,4.0,AS6,X,10.1,7.7,9.0,31,212
CHEVROLET,EQUINOX AWD FFV,SUV - SMALL,2.4,4.0,A6,E,16.3,11.6,14.2,20,236
LINCOLN,MKZ,MID-SIZE,3.7,6.0,AS6,,12.8,8.7,10.9,26,257
VOLKSWAGEN,JETTA,COMPACT,1.8,4.0,M5,X,9.4,6.4,8.1,35,189
PORSCHE,CAYMAN GTS,TWO-SEATER,3.4,6.0,M6,Z,12.1,8.9,10.7,26,250
MERCEDES-BENZ,GL 350 BLUETEC 4MATIC,SUV - STANDARD,3.0,6.0,AS7,,13.6,10.0,12.0,24,322
MAZDA,CX-5,SUV - SMALL,2.5,4.0,AS6,X,8.9,7.1,8.1,35,190
BMW,535i xDRIVE,MID-SIZE,3.0,6.0,AS8,Z,11.9,8.1,10.2,28,238
CHRYSLER,200 AWD FFV,MID-SIZE,3.6,6.0,A9,E,16.9,10.8,14.1,20,232
MAZDA,MAZDA5,MINIVAN,2.5,4.0,M6,X,11.1,8.3,9.8,29,229
FORD,TRANSIT CONNECT WAGON,SPECIAL PURPOSE VEHICLE,2.5,4.0,AS6,X,12.4,8.7,10.7,26,252
NISSAN,JUKE NISMO RS AWD,STATION WAGON - SMALL,1.6,4.0,AV8,Z,9.4,8.1,8.8,32,208
VOLKSWAGEN,PASSAT,MID-SIZE,3.6,6.0,AM6,,11.9,8.5,10.4,27,243
AUDI,S7 QUATTRO,MID-SIZE,4.0,8.0,AM7,Z,13.4,8.8,11.4,25,265
MAZDA,CX-5,SUV - SMALL,2.0,4.0,AS6,X,9.0,7.3,8.2,34,192
FORD,F-150 4X4 (Payload Pkg),PICKUP TRUCK - STANDARD,2.7,6.0,AS6,X,13.3,10.7,12.3,23,288
BMW,428i GRAN COUPE,COMPACT,2.0,4.0,AS8,Z,10.8,6.7,8.9,32,211
VOLVO,XC90 T5 AWD,SUV - STANDARD,2.0,4.0,AS8,Z,10.8,9.5,10.2,28,239
KIA,SPORTAGE,SUV - SMALL,2.4,4.0,M6,X,12.9,9.2,11.3,25,261
CHEVROLET,SILVERADO 4WD FFV,PICKUP TRUCK - STANDARD,5.3,8.0,A6,X,15.0,10.7,13.1,22,306
MERCEDES-BENZ,CLA 250 4MATIC FFV,COMPACT,2.0,4.0,AS7,E,13.1,9.8,11.6,24,198
HONDA,ACCORD SPORT,MID-SIZE,2.4,4.0,AV7,X,9.1,6.8,8.0,35,187
GMC,TERRAIN,SUV - SMALL,3.6,6.0,A6,X,14.2,9.5,12.1,23,285
LAMBORGHINI,AVENTADOR ROADSTER,TWO-SEATER,6.5,12.0,AM7,Z,23.6,14.1,19.3,15,452
CHEVROLET,SUBURBAN 4WD,SUV - STANDARD,5.3,8.0,A6,X,15.4,10.8,13.3,21,312
AUDI,Q5 HYBRID QUATTRO,SUV - SMALL,2.0,4.0,AS8,Z,9.8,7.9,8.9,32,209
MERCEDES-BENZ,CLS 400 4MATIC,COMPACT,3.0,6.0,AS7,Z,12.2,8.8,10.7,26,252
BMW,M2,SUBCOMPACT,3.0,6.0,AM7,Z,11.8,8.8,10.4,27,244
AUDI,A4 QUATTRO,COMPACT,2.0,,M6,Z,10.6,7.3,9.1,31,214
CHEVROLET,CORVETTE Z06,TWO-SEATER,6.2,8.0,AS8,Z,17.7,10.2,14.3,20,335
JEEP,RENEGADE FFV,SUV - SMALL,2.4,4.0,A9,X,10.8,7.7,9.4,30,220
MINI,COOPER S CLUBMAN,MID-SIZE,2.0,4.0,AS6,,9.7,7.0,8.5,33,198
BUICK,VERANO,COMPACT,2.0,4.0,AS6,Z,11.4,7.9,9.8,29,231
JEEP,CHEROKEE FFV,SUV - SMALL,2.4,4.0,A9,E,15.2,10.2,12.9,22,213
VOLVO,S60 3.0T AWD,COMPACT,3.0,6.0,AS6,X,13.0,9.0,11.2,25,259
JEEP,CHEROKEE 4X4,SUV - SMALL,3.2,6.0,A9,X,11.6,8.5,10.2,28,240
HONDA,PILOT AWD,SUV - SMALL,3.5,6.0,A6,X,13.0,9.3,11.3,25,265
AUDI,A7 QUATTRO,MID-SIZE,3.0,6.0,AS8,Z,11.6,7.9,9.9,29,232
JEEP,GRAND CHEROKEE SRT 4X4 (MDS),SUV - STANDARD,6.4,8.0,A8,Z,18.5,12.6,15.8,18,370
BMW,750i xDRIVE,FULL-SIZE,4.4,8.0,AS8,Z,14.3,9.3,12.1,23,283
BMW,X3 xDRIVE28d,SUV - SMALL,2.0,4.0,AS8,,8.6,6.9,7.9,36,211
DODGE,DART GT,MID-SIZE,2.4,4.0,M6,X,10.2,7.0,8.8,32,207
CHEVROLET,EQUINOX,SUV - SMALL,2.4,4.0,A6,X,10.5,7.3,9.1,31,214
AUDI,A5 CABRIOLET QUATTRO,SUBCOMPACT,2.0,4.0,AS8,Z,11.3,8.0,9.8,29,230
CHRYSLER,200 FFV,MID-SIZE,3.6,6.0,A9,X,12.4,7.5,10.2,28,239
LINCOLN,MKZ,MID-SIZE,2.0,4.0,AS6,X,10.5,7.0,8.9,32,210
AUDI,SQ5 QUATTRO,SUV - SMALL,3.0,6.0,AS8,Z,14.1,9.9,12.2,23,285
VOLVO,S80 T5,MID-SIZE,2.0,4.0,AS8,X,9.6,6.7,8.3,34,193
CHEVROLET,SILVERADO eASSIST 4WD,PICKUP TRUCK - STANDARD,5.3,8.0,A8,X,14.4,11.2,13.0,22,304
CHRYSLER,200 FFV,MID-SIZE,3.6,6.0,A9,E,16.5,10.1,13.6,21,225
MINI,COOPER 5 DOOR,SUBCOMPACT,1.5,3.0,AS6,Z,8.7,6.6,7.7,37,181
AUDI,S4 QUATTRO,COMPACT,3.0,6.0,M6,Z,13.8,9.0,11.7,24,273
VOLKSWAGEN,BEETLE CONVERTIBLE,SUBCOMPACT,1.8,4.0,AS6,X,9.6,7.0,8.4,34,196
VOLVO,XC90 T5,SUV - STANDARD,2.0,4.0,AS8,Z,10.6,9.1,10.0,28,232
KIA,K900,FULL-SIZE,5.0,,AS8,X,15.6,10.6,13.4,21,318
HYUNDAI,SONATA HYBRID LIMITED,MID-SIZE,2.0,4.0,AM6,X,6.0,5.5,5.8,49,136
GMC,TERRAIN FFV,SUV - SMALL,2.4,4.0,A6,E,15.6,10.8,13.4,21,221
HYUNDAI,TUCSON AWD,SUV - SMALL,1.6,4.0,AM7,,9.9,8.4,9.2,31,219
MINI,JOHN COOPER WORKS COUNTRYMAN ALL4,COMPACT,1.6,4.0,M6,Z,9.4,7.6,8.6,33,201
BENTLEY,FLYING SPUR,MID-SIZE,4.0,8.0,AS8,Z,17.7,10.0,14.2,20,334
FORD,FOCUS FFV,COMPACT,2.0,4.0,M5,E,12.3,8.9,10.8,26,179
FORD,F-150 FFV,PICKUP TRUCK - STANDARD,3.5,6.0,A6,E,17.9,13.0,15.7,18,261
DODGE,CHALLENGER,MID-SIZE,6.4,8.0,M6,Z,16.8,10.4,13.9,20,326
DODGE,CHARGER SRT (MDS),FULL-SIZE,6.4,8.0,A8,Z,15.7,9.5,12.9,22,302
NISSAN,NV200 CARGO VAN,SPECIAL PURPOSE VEHICLE,2.0,4.0,AV,X,9.7,9.0,9.4,30,220
GMC,ACADIA AWD,SUV - STANDARD,3.6,6.0,A6,X,16.1,10.8,13.7,21,323
PORSCHE,PANAMERA GTS,FULL-SIZE,4.8,8.0,AM7,Z,15.1,9.7,12.7,22,298
CHEVROLET,IMPALA FFV,FULL-SIZE,3.6,6.0,AS6,E,17.0,11.5,14.5,19,239
PORSCHE,911 TURBO,MINICOMPACT,3.8,6.0,AM7,Z,13.7,9.6,11.9,24,278
KIA,SORENTO,SUV - SMALL,2.0,4.0,AS6,X,11.7,8.6,10.3,27,245
MITSUBISHI,OUTLANDER,SUV - SMALL,2.4,4.0,AV6,X,9.2,7.5,8.4,34,193
INFINITI,Q50S AWD,MID-SIZE,3.0,6.0,AS7,Z,12.9,9.0,11.1,25,262
GMC,SIERRA,PICKUP TRUCK - STANDARD,6.2,,A8,,16.1,11.4,14.0,20,327
FORD,MUSTANG,SUBCOMPACT,3.7,6.0,AS6,X,12.6,8.5,10.7,26,253
VOLKSWAGEN,JETTA,COMPACT,1.4,4.0,AS6,X,8.5,6.0,7.3,39,173
DODGE,CHALLENGER (MDS),MID-SIZE,5.7,8.0,A8,X,14.8,9.3,12.3,23,289
FORD,ESCAPE AWD,SUV - SMALL,2.0,4.0,AS6,X,11.4,8.4,10.0,28,236
LEXUS,GS 350 AWD,MID-SIZE,3.5,6.0,AS6,Z,12.4,9.0,10.9,26,254
CHEVROLET,CRUZE LIMITED,MID-SIZE,1.8,4.0,M6,X,9.4,6.6,8.1,35,190
TOYOTA,TUNDRA,PICKUP TRUK,4.6,8.0,AS6,X,159.0,12.3,14.3,20,335
CHRYSLER,300 AWD FFV,FULL-SIZE,3.6,6.0,A8,X,12.8,8.6,10.9,26,257
AUDI,A3 CABRIOLET QUATTRO,SUBCOMPACT,2.0,4.0,AM6,X,10.1,7.5,8.9,32,208
MAZDA,MX-5 (SIL),TWO-SEATER,2.0,4.0,M6,Z,8.8,6.9,7.8,36,183
NISSAN,FRONTIER,PICKUP TRUCK - SMALL,2.5,4.0,M5,,12.2,10.2,11.3,25,266
FORD,FUSION AWD,MID-SIZE,2.0,4.0,AS6,X,10.8,7.5,9.3,30,220
DODGE,DART,MID-SIZE,2.4,4.0,A6,X,10.1,6.8,8.6,33,202
MINI,COOPER 3 DOOR,SUBCOMPACT,1.5,3.0,M6,Z,8.4,6.0,7.3,39,172
CHEVROLET,CAMARO SS,COMPACT,6.2,8.0,AS8,Z,14.2,8.4,11.6,24,272
GMC,ACADIA,SUV - STANDARD,3.6,6.0,A6,X,15.8,10.6,13.4,21,315
BMW,X3 xDRIVE28i,SUV - SMALL,2.0,4.0,AS8,Z,11.1,8.4,9.9,29,231
HYUNDAI,SANTA FE AWD,SUV - SMALL,3.3,6.0,AS6,X,13.0,9.7,11.5,25,269
PORSCHE,911 CARRERA 4 GTS,MINICOMPACT,3.8,6.0,M7,Z,13.0,9.2,11.3,25,265
PORSCHE,PANAMERA 4S EXECUTIVE,FULL-SIZE,3.0,6.0,AM7,Z,13.7,8.9,11.5,25,271
LEXUS,IS 350,COMPACT,3.5,6.0,AS8,,12.3,8.5,10.6,27,246
LINCOLN,MKT AWD,SUV - STANDARD,3.5,6.0,AS6,X,15.7,11.2,13.7,21,322
KIA,OPTIMA HYBRID,MID-SIZE,2.4,4.0,AM6,X,6.6,5.9,6.3,45,147
MERCEDES-BENZ,METRIS PASSENGER,SPECIAL PURPOSE VEHICLE,2.0,4.0,AS7,Z,11.5,10.2,10.9,26,248
KIA,CADENZA,FULL-SIZE,3.3,6.0,AS6,,12.7,8.4,10.7,26,251
CHEVROLET,CORVETTE Z06,TWO-SEATER,6.2,8.0,M7,Z,15.7,10.6,13.4,21,313
VOLVO,S60 T5,COMPACT,2.0,4.0,AS8,X,9.6,6.7,8.3,34,193
PORSCHE,911 CARRERA 4 GTS,MINICOMPACT,3.8,6.0,AM7,Z,12.7,9.2,11.1,25,260
VOLKSWAGEN,JETTA,COMPACT,1.8,4.0,AS6,X,9.2,6.4,8.0,35,186
VOLKSWAGEN,GOLF GTI,COMPACT,2.0,4.0,M6,X,9.4,6.9,8.3,34,193
ROLLS-ROYCE,WRAITH,MID-SIZE,6.6,12.0,AS8,Z,18.8,11.8,15.6,18,367
HONDA,CIVIC SEDAN,MID-SIZE,2.0,4.0,M6,X,8.8,5.9,7.5,38,176
SUBARU,FORESTER AWD,SUV - SMALL,2.5,4.0,M6,X,10.6,8.4,9.6,29,227
CHEVROLET,EXPRESS 3500 PASSENGER,VAN - PASSENGER,6.0,8.0,A6,X,23.0,16.0,19.8,14,465
FORD,FLEX AWD GTDI,SUV - STANDARD,3.5,6.0,AS6,X,15.7,11.2,13.7,21,322
MASERATI,GHIBLI,MID-SIZE,3.0,6.0,AS8,Z,14.1,9.8,12.2,23,286
INFINITI,QX60 HYBRID AWD,SUV - STANDARD,2.5,4.0,AV7,X,8.9,8.4,8.7,32,204
DODGE,CHARGER (MDS),FULL-SIZE,6.4,8.0,A8,Z,15.7,9.5,12.9,22,302
CADILLAC,CTS,MID-SIZE,2.0,,AS8,Z,11.0,7.6,9.5,30,221
TOYOTA,TACOMA,PICKUP TRUCK - SMALL,2.7,4.0,AS6,X,12.0,10.0,11.1,25,261
ASTON MARTIN,RAPIDE S,SUBCOMPACT,6.0,12.0,A8,Z,16.8,10.9,14.2,20,332
MITSUBISHI,LANCER SPORTBACK,STATION WAGON - SMALL,2.0,4.0,M5,X,9.9,7.2,8.7,32,203
LEXUS,GX 460,SUV - STANDARD,4.6,8.0,AS6,Z,15.7,11.7,13.9,20,322
JEEP,GRAND CHEROKEE 4X4 (MDS),SUV - STANDARD,5.7,8.0,A8,X,16.7,10.7,14.0,20,329
JEEP,WRANGLER UNLIMITED 4X4,SUV - SMALL,3.6,6.0,A5,,14.8,11.7,13.4,21,314
PORSCHE,911 CARRERA 4 CABRIOLET,MINICOMPACT,3.4,6.0,M7,Z,12.5,9.0,10.9,26,257
GMC,YUKON 4WD FFV,SUV - STANDARD,5.3,8.0,A6,X,15.2,10.8,13.2,21,310
CHEVROLET,TAHOE 4WD FFV,SUV - STANDARD,5.3,8.0,A6,X,15.2,10.8,13.2,21,310
PORSCHE,CAYMAN GTS,TWO-SEATER,3.4,6.0,AM7,Z,10.9,7.7,9.5,30,222
KIA,FORTE,MID-SIZE,1.8,4.0,M6,X,9.3,6.3,7.9,36,186
AUDI,A3 QUATTRO,SUBCOMPACT,2.0,4.0,AM6,X,9.8,7.2,8.6,33,201
BUICK,VERANO,COMPACT,2.0,4.0,M6,Z,11.6,7.6,9.8,29,230
FORD,FIESTA SFE,SUBCOMPACT,1.0,3.0,M5,X,7.5,5.5,6.6,43,153
PORSCHE,911 CARRERA GTS CABRIOLET,MINICOMPACT,3.8,6.0,M7,,13.4,9.3,11.6,24,272
VOLKSWAGEN,GOLF R,COMPACT,2.0,4.0,M6,Z,10.9,7.7,9.4,30,220
INFINITI,QX60,SUV - SMALL,3.5,6.0,AV7,Z,11.8,8.5,10.3,27,242
CADILLAC,ATS AWD,COMPACT,2.0,4.0,AS8,Z,10.8,7.8,9.4,30,221
VOLKSWAGEN,GOLF,COMPACT,1.8,4.0,M5,X,9.3,6.4,8.0,35,187
DODGE,DART FFV,MID-SIZE,2.0,4.0,A6,X,9.9,7.0,8.6,33,201
LEXUS,RC 200t,SUBCOMPACT,2.0,4.0,AS8,Z,10.6,7.4,9.0,31,214
CHEVROLET,CAMARO,COMPACT,3.6,6.0,M6,X,13.2,8.7,11.2,25,261
GMC,SIERRA 4WD FFV,PICKUP TRUCK - STANDARD,4.3,6.0,A6,E,20.3,15.3,18.1,16,301
MITSUBISHI,LANCER 4WD,COMPACT,2.4,4.0,AV6,X,10.2,7.8,9.1,31,210
TOYOTA,PRIUS v,STATION WAGON - MID-SIZE,1.8,4.0,AV,X,5.4,5.8,5.6,50,131
NISSAN,370Z ROADSTER,TWO-SEATER,3.7,6.0,M6,Z,13.6,9.7,11.8,24,278
LEXUS,IS 200t,COMPACT,2.0,4.0,AS8,Z,10.6,7.2,9.0,31,212
CHEVROLET,SPARK,SUBCOMPACT,1.4,4.0,AV,X,7.6,5.7,6.7,42,157
NISSAN,ALTIMA 3.5,MID-SIZE,3.5,6.0,AV7,X,10.3,7.4,9.0,31,212
JEEP,PATRIOT,SUV - SMALL,2.4,4.0,M5,X,10.2,8.2,9.3,30,218
MASERATI,GRANTURISMO,SUBCOMPACT,4.7,8.0,AS6,Z,18.2,11.4,15.1,19,357
GMC,YUKON XL 4WD FFV,SUV - STANDARD,5.3,8.0,A6,X,15.4,10.8,13.3,21,312
BMW,M6,COMPACT,4.4,8.0,M6,Z,16.1,10.9,13.7,21,321
NISSAN,ALTIMA,MID-SIZE,2.5,4.0,AV,X,8.7,6.0,7.5,38,176
VOLKSWAGEN,JETTA,COMPACT,1.4,4.0,M5,X,8.3,5.9,7.2,39,168
VOLVO,S60 INSCRIPTION T5 AWD,COMPACT,2.5,5.0,AS6,X,11.6,8.2,10.1,28,233
GMC,YUKON XL FFV,SUV - STANDARD,5.3,8.0,A6,E,20.5,14.0,17.6,16,288
JEEP,COMPASS 4X4,SUV - SMALL,2.4,4.0,M5,,10.6,8.6,9.7,29,228
FORD,FUSION,MID-SIZE,1.5,4.0,AS6,X,9.9,6.5,8.4,34,197
BMW,Z4 sDRIVE35is,TWO-SEATER,3.0,6.0,AM7,Z,13.7,10.0,12.1,23,282
NISSAN,ROGUE AWD,SUV - SMALL,2.5,4.0,AV,X,9.5,7.4,8.6,33,201
MITSUBISHI,LANCER,COMPACT,2.4,4.0,M5,,10.5,7.7,9.2,31,217
CHEVROLET,TAHOE 4WD FFV,SUV - STANDARD,5.3,8.0,A6,E,20.9,14.5,18.0,16,300
TOYOTA,SEQUOIA 4WD,SUV - STANDARD,5.7,8.0,AS6,X,18.8,14.0,16.6,17,382
CHEVROLET,SUBURBAN FFV,SUV - STANDARD,5.3,8.0,A6,X,15.1,10.4,13.0,22,304
BMW,435i xDRIVE COUPE,COMPACT,3.0,6.0,M6,Z,12.3,8.4,10.5,27,247
CHEVROLET,CORVETTE,TWO-SEATER,6.2,8.0,M7,Z,13.7,8.2,11.2,25,263
INFINITI,QX70 AWD,SUV - SMALL,3.7,6.0,AS7,Z,14.5,10.7,12.8,22,301
VOLKSWAGEN,JETTA,COMPACT,2.0,4.0,AM6,X,9.8,7.0,8.6,33,201
NISSAN,FRONTIER 4WD,PICKUP TRUCK - SMALL,4.0,6.0,A5,X,15.7,11.3,13.7,21,322
HYUNDAI,GENESIS AWD,FULL-SIZE,5.0,8.0,AS8,Z,17.3,10.5,14.2,20,332
LEXUS,RX 450h AWD,SUV - STANDARD,3.5,6.0,AV6,Z,7.7,8.2,8.0,35,186
BMW,328i xDRIVE TOURING,STATION WAGON - SMALL,2.0,4.0,AS8,Z,10.5,6.9,8.9,32,209
CHEVROLET,SONIC 5,STATION WAGON - SMALL,1.8,4.0,M5,X,9.0,6.8,8.0,35,187
VOLVO,XC70 T5,SUV - SMALL,2.0,4.0,AS8,X,10.3,7.6,9.1,31,213
BMW,Z4 sDRIVE28i,TWO-SEATER,2.0,4.0,AS8,Z,10.7,7.1,9.1,31,212
GMC,SIERRA 4WD FFV,PICKUP TRUCK - STANDARD,4.3,6.0,A6,X,14.2,10.7,12.6,22,296
INFINITI,Q70 HYBRID,MID-SIZE,3.5,6.0,AS7,Z,8.0,6.9,7.5,38,177
GMC,SIERRA,PICKUP TRUCK - STANDARD,5.3,8.0,A6,X,14.6,10.4,12.7,22,298
PORSCHE,911 CARRERA CABRIOLET,MINICOMPACT,3.4,6.0,AM7,Z,11.5,8.4,10.1,28,236
LEXUS,IS 300 AWD,COMPACT,3.5,6.0,AS6,Z,12.6,9.2,11.1,25,258
PORSCHE,BOXSTER,TWO-SEATER,2.7,6.0,AM7,Z,10.7,7.4,9.2,31,217
JAGUAR,XJL 3.0 AWD PORTFOLIO,FULL-SIZE,3.0,6.0,AS8,Z,14.1,9.3,11.9,24,279
CHEVROLET,SILVERADO FFV,PICKUP TRUCK - STANDARD,4.3,6.0,A6,X,13.5,10.0,11.9,24,280
MAZDA,MAZDA3 5-DOOR,MID-SIZE,2.5,,AS6,X,8.7,6.5,7.7,37,182
KIA,RIO,COMPACT,1.6,4.0,AS6,X,8.7,6.3,7.7,37,178
JEEP,CHEROKEE 4X4 FFV,SUV - SMALL,2.4,4.0,A9,E,15.9,11.0,13.7,21,226
DODGE,CHARGER FFV,FULL-SIZE,3.6,6.0,A8,X,12.4,7.7,10.3,27,240
PORSCHE,BOXSTER S,TWO-SEATER,3.4,6.0,M6,Z,11.9,8.6,10.4,27,245
BUICK,ENCORE,SUV - SMALL,1.4,4.0,AS6,,9.5,7.2,8.5,33,199
SUBARU,LEGACY AWD,MID-SIZE,3.6,6.0,AV6,X,11.9,8.2,10.2,28,239
TOYOTA,TUNDRA 4WD,PICKUP TRUCK - STANDARD,4.6,8.0,AS6,X,16.9,12.9,15.1,19,351
AUDI,A4 ALLROAD QUATTRO,STATION WAGON - SMALL,2.0,4.0,AS8,Z,11.2,8.4,9.9,29,232
CHEVROLET,CAMARO,COMPACT,2.0,4.0,M6,Z,11.4,7.9,9.8,29,229
ASTON MARTIN,VANTAGE GT,TWO-SEATER,4.7,8.0,M6,Z,18.1,12.3,15.5,18,362
NISSAN,MURANO AWD,STATION WAGON - MID-SIZE,3.5,6.0,AV7,,11.2,8.3,9.9,29,232
JEEP,RENEGADE FFV,SUV - SMALL,2.4,4.0,A9,E,14.2,9.9,12.2,23,201
TOYOTA,VENZA 4WD,SUV - SMALL,2.7,4.0,AS6,,11.6,9.2,10.5,27,241
VOLKSWAGEN,GOLF SPORTWAGON,STATION WAGON - SMALL,1.8,4.0,AS6,X,9.4,6.8,8.2,34,193
HONDA,ACCORD SEDAN,MID-SIZE,2.4,,AV,X,8.6,6.4,7.6,37,177
MERCEDES-BENZ,E 400 4MATIC,MID-SIZE,3.0,6.0,AS7,Z,12.0,8.5,10.4,27,244
RAM,1500 (MDS),PICKUP TRUCK - STANDARD,5.7,8.0,A8,X,15.8,10.9,13.6,21,319
HONDA,HR-V,SUV - SMALL,1.8,4.0,M6,X,9.3,7.0,8.3,34,193
HYUNDAI,SONATA,FULL-SIZE,2.4,4.0,AS6,X,9.4,6.5,8.1,35,191
GMC,CANYON 4WD,PICKUP TRUCK - SMALL,2.5,4.0,A6,X,12.7,9.6,11.3,25,265
KIA,FORTE 5,FULL-SIZE,1.6,4.0,AS6,X,11.1,8.0,9.7,29,228
FORD,T-150 WAGON,VAN - PASSENGER,3.5,6.0,AS6,,16.1,12.7,14.6,19,342
JEEP,WRANGLER UNLIMITED 4X4,SUV - SMALL,3.6,6.0,M6,,15.0,11.4,13.4,21,312
LINCOLN,NAVIGATOR L 4X4,SUV - STANDARD,3.5,6.0,AS6,X,16.1,12.4,14.4,20,339
CHEVROLET,CORVETTE,TWO-SEATER,6.2,,AS8,Z,14.6,8.1,11.7,24,275
DODGE,CHARGER (MDS),FULL-SIZE,5.7,8.0,A8,X,14.8,9.3,12.3,23,289
HONDA,HR-V,SUV - SMALL,1.8,4.0,AV,,8.3,6.7,7.6,37,177
MINI,COOPER S 3 DOOR,SUBCOMPACT,2.0,4.0,M6,Z,10.0,7.0,8.7,32,203
DODGE,CHARGER AWD FFV,FULL-SIZE,3.6,6.0,A8,X,12.8,8.6,10.9,26,257
TOYOTA,RAV4 HYBRID AWD,SUV - SMALL,2.5,4.0,AV6,X,6.9,7.6,7.2,39,169
BMW,X4 xDRIVE35i,SUV - SMALL,3.0,6.0,AS8,Z,12.7,8.8,10.9,26,257
MAZDA,MAZDA3 5-DOOR (SIL),MID-SIZE,2.5,4.0,M6,,9.2,6.6,8.1,35,190
SUBARU,OUTBACK AWD,SUV - SMALL,2.5,4.0,M6,X,11.0,8.2,9.7,29,228
JAGUAR,F-TYPE S CONVERTIBLE AWD,TWO-SEATER,3.0,6.0,AS8,Z,13.0,9.1,11.3,25,264
INFINITI,Q70 AWD,MID-SIZE,3.7,6.0,AS7,Z,13.2,9.7,11.6,24,274
FORD,F-150 FFV 4X4 (Payload Pkg),PICKUP TRUCK - STANDARD,5.0,8.0,AS6,E,21.8,15.3,18.8,15,310
KIA,SPORTAGE AWD,SUV - SMALL,2.4,4.0,AS6,X,12.0,9.3,10.8,26,251
CHEVROLET,SILVERADO 4WD FFV,PICKUP TRUCK - STANDARD,5.3,8.0,A6,E,20.5,14.4,17.8,16,295
PORSCHE,911 CARRERA 4,MINICOMPACT,3.4,6.0,M7,Z,12.3,8.7,10.7,26,251
GMC,SIERRA 4WD,PICKUP TRUCK - STANDARD,6.2,8.0,A8,Z,16.3,11.6,14.2,20,332
PORSCHE,911 CARRERA 4S,MINICOMPACT,3.8,6.0,AM7,Z,12.2,8.9,10.7,26,251
FIAT,500X AWD,SUV - SMALL,2.4,4.0,A9,X,11.0,7.9,9.6,29,224
HONDA,CR-Z,TWO-SEATER,1.5,4.0,AV7,X,7.0,6.4,6.8,42,157
MAZDA,MAZDA3 5-DOOR,MID-SIZE,2.0,4.0,AS6,X,8.0,5.9,7.0,40,165
BMW,M6,COMPACT,4.4,8.0,AM7,Z,17.3,11.5,14.7,19,344
BMW,X5 xDRIVE35i,SUV - STANDARD,3.0,6.0,AS8,Z,13.0,9.7,11.5,25,269
RAM,1500 FFV,PICKUP TRUCK - STANDARD,3.6,6.0,A8,X,13.9,9.5,11.9,24,279
MITSUBISHI,LANCER,COMPACT,2.0,4.0,M5,X,9.6,7.0,8.4,34,198
LINCOLN,MKS AWD,FULL-SIZE,3.5,6.0,AS6,X,14.7,9.8,12.5,23,293
PORSCHE,911 CARRERA S CABRIOLET,MINICOMPACT,3.8,6.0,M7,,12.5,8.9,10.9,26,255
VOLVO,V60 T5 AWD,STATION WAGON - SMALL,2.5,5.0,AS6,X,11.6,8.2,10.1,28,233
CHEVROLET,IMPALA DUAL FUEL,MID-SIZE,3.6,6.0,AS6,X,13.9,9.3,11.9,24,272
VOLKSWAGEN,GOLF,COMPACT,1.8,4.0,AS6,X,9.3,6.5,8.1,35,189
